Restaurant Id,Restaurant Name,Country,City,User Rating Votes,User Aggregate Rating,Cuisines
18649486,The Drunken Botanist,India,Gurgaon,4765,4.4,"Continental, Italian, North Indian, Chinese"
308322,Hauz Khas Social,India,New Delhi,13627,4.6,"Continental, American, Asian, North Indian, Chinese, Pizza, Biryani, Beverages"
18856789,AIR- An Ivory Region,India,New Delhi,1819,4.1,"North Indian, Chinese, Continental, Asian"
307374,AMA Cafe,India,New Delhi,3252,4.4,"Cafe, Juices"
18238278,Tamasha,India,New Delhi,8112,4.4,"Finger Food, North Indian, Continental, Italian"
18268712,Chili's Grill & Bar,India,Noida,3702,4.6,"Mexican, American, Italian, Burger"
18198449,Punjabi Angithi,India,New Delhi,3613,4.7,"North Indian, Chinese, Momos, Rolls, Fast Food"
18382360,Local,India,New Delhi,5694,4.3,"North Indian, Continental, Momos"
18273624,Cafeteria & Co.,India,New Delhi,4229,4.5,"Continental, Mexican, Fast Food"
18466951,Jungle Jamboree,India,Noida,2832,4.5,"North Indian, Continental, Chinese, BBQ"
306046,SodaBottleOpenerWala,India,Gurgaon,3818,4.2,"Parsi, North Indian, Maharashtrian, Beverages, Bakery"
18337893,The Luggage Room Kitchen And Bar,India,New Delhi,1622,4.5,"Italian, Chinese, Continental"
18518483,Echoes Hudson Lane,India,New Delhi,2534,4.6,"Cafe, American, Chinese, Continental, North Indian, Italian"
18246991,Odeon Social,India,New Delhi,5808,4.4,"Continental, American, Asian, North Indian, Momos, Beverages"
8913,Pirates of Grill,India,Gurgaon,5760,4.9,"North Indian, Mughlai, Continental"
313256,The Junkyard Cafe,India,New Delhi,5512,4.5,"North Indian, Mediterranean, Asian, Salad, Momos"
18562836,Diggin,India,New Delhi,2335,4.2,"Italian, Continental, Beverages"
17953943,The Burger Club,India,New Delhi,2411,4.2,"Burger, Fast Food, Beverages"
18258498,Chinese Kitchen,India,New Delhi,713,4.1,"Fast Food, Chinese, Momos"
18537536,Chili's Grill & Bar,India,New Delhi,2364,4.6,"Mexican, American, Italian"
18707652,Zam Zam,India,Kolkata,824,4.4,"Biryani, Mughlai"
18571735,Dum Laga Ke Haishaa,India,Kolkata,770,4.5,"Continental, Biryani, North Indian, Chinese, Kebab"
18398880,JW Kitchen - JW Marriott Hotel Kolkata,India,Kolkata,3578,4.6,"North Indian, European, Mediterranean, Thai, Salad, Juices"
18677746,Burger in Law,India,Kolkata,455,4.7,"Burger, Fast Food"
17983797,Dada Boudi Restaurant,India,Kolkata,1993,4.3,"Mughlai, North Indian, Chinese"
18538536,Scrapyard,India,Kolkata,1260,4.2,"North Indian, Chinese, Continental"
25570,Barbeque Nation,India,Kolkata,4597,4.8,"North Indian, Chinese, Kebab, BBQ"
18354569,Tram Deepo,India,Kolkata,1895,4.4,"Continental, Chinese, Fast Food, Finger Food, North Indian, Mexican"
18259462,Ocean Grill,India,Kolkata,2318,4.3,"Continental, Seafood, North Indian, Asian"
18761167,Echoes Kolkata,India,Kolkata,456,4.8,"North Indian, Continental, Chinese, Italian, American"
18751849,Five Mad Men,India,Kolkata,1465,4.3,"American, Chinese, Continental, North Indian"
20747,India Restaurant,India,Kolkata,3909,4.5,"Biryani, Mughlai"
18461760,Kankurgachi Dhaba,India,Kolkata,700,3.9,"North Indian, Biryani, Chinese"
20404,Peter Cat,India,Kolkata,11476,4.2,"Continental, North Indian"
18017615,What's Up,India,Kolkata,4162,4.4,"Chinese, Continental, Italian, Kebab"
18265479,BJs Sports Restrau Cum Lounge,India,Kolkata,1405,4.7,"Cafe, North Indian"
18377098,CALCUTTA 64,India,Kolkata,2134,4.4,"Italian, Continental, Mexican"
18377112,Nawwarah Fine Dine & Lounge,India,Kolkata,1993,4.3,"North Indian, Chinese"
18610904,The Fatty Bao,India,Kolkata,884,4.6,"Japanese, Sushi, Asian"
18711365,The Saffron Tree,India,Kolkata,1274,4.8,"Mughlai, Continental, Biryani"
18392725,Tamasha,India,Mumbai,4553,4.6,"Finger Food, Continental"
18701052,The Fusion Kitchen,India,Mumbai,2723,4.7,"Chinese, Continental, European, North Indian, Italian, Mexican, Pizza"
18548172,Hitchki,India,Mumbai,3418,4.8,"Modern Indian, North Indian, Chinese, Momos, Biryani, Continental, American, Fast Food"
18591040,Hitchki,India,Mumbai,3524,4.9,"Modern Indian, North Indian, Chinese, Momos, Biryani, Continental, American, Fast Food"
19008239,HAS South Bombay,India,Mumbai,475,4.2,South Indian
18392711,Lord Of The Drinks,India,Mumbai,2604,4.6,"Finger Food, Continental, European, Chinese, North Indian, Italian"
18616378,Lord of the Drinks,India,Mumbai,2362,4.8,"Finger Food, Continental, European, Chinese, North Indian, Italian"
18669432,HITCHKI,India,Thane,1899,4.8,"Modern Indian, North Indian, Chinese, Momos, American, Biryani, Continental, Fast Food"
18566818,JLWA,India,Mumbai,3101,4.7,"Modern Indian, European, Pizza"
48851,Rude Lounge,India,Mumbai,5003,4.4,"North Indian, Italian, Chinese, Continental, BBQ"
18205932,The Cult - Peninsula Grand Hotel,India,Mumbai,3142,4.5,"Continental, North Indian, Chinese"
18732598,Timess Square,India,Mumbai,2113,4.4,"Continental, Mexican, North Indian"
18580259,Coffee Culture,India,Mumbai,6023,4.2,"Cafe, Italian, Pizza, Continental, Beverages"
34757,Joey's Pizza,India,Mumbai,7344,4.6,Pizza
18522518,Vikhroli Social,India,Mumbai,1934,4.3,"American, North Indian, Chinese, Asian, Beverages, Continental, Biryani"
18917650,Warehouse Kitchenbar,India,Mumbai,666,4.5,"North Indian, Asian, Burmese, Chinese, Continental, Desserts"
35217,Joey's Pizza,India,Mumbai,8669,4.5,Pizza
18397684,Craftbar,India,Mumbai,1347,4.8,"Continental, Mediterranean, Modern Indian, Mexican"
36403,Prithvi Cafe,India,Mumbai,7995,4.4,"Cafe, Fast Food"
18691230,Grandmama's Café,India,Mumbai,1108,4.3,"Cafe, American, Italian, Parsi, Desserts"
58882,Byg Brewski Brewing Company,India,Bangalore,17394,4.9,"Continental, North Indian, Italian, South Indian, Finger Food"
18706428,Byg Brewski Brewing Company,India,Bangalore,5692,4.8,"Finger Food, Asian, Pizza, Italian, North Indian, Desserts"
18871246,ShakesBierre,India,Bangalore,572,4.5,"Asian, Continental, European, North Indian"
18772094,Bombay Adda,India,Bangalore,3023,4.3,Modern Indian
18578798,TBC Sky Lounge,India,Bangalore,7673,4.7,"Continental, Asian, Italian, North Indian"
18945224,Secret Of Bangalore,India,Bangalore,866,4.3,"North Indian, South Indian, Continental, Asian, Desserts"
18254597,Brew and Barbeque - A Microbrewery Pub,India,Bangalore,6330,4.6,"Continental, North Indian, BBQ, Steak"
18387426,The Black Pearl,India,Bangalore,7769,4.7,"North Indian, European, Mediterranean, BBQ"
57833,Big Pitcher,India,Bangalore,9664,4.6,"American, Continental, North Indian, Mediterranean"
54162,The Black Pearl,India,Bangalore,10892,4.8,"North Indian, European, Mediterranean"
18853706,Brahma Brews,India,Bangalore,610,4.3,"Continental, South Indian, Finger Food, Pizza, Seafood"
18625420,Burma Burma,India,Bangalore,1788,4.7,"Asian, Burmese"
18595782,The Pallet,India,Bangalore,3013,4.6,"Continental, Mediterranean, Italian, North Indian, Finger Food, Asian, Momos"
18537585,The Reservoire,India,Bangalore,2724,4.6,"Continental, North Indian, Chinese, American"
56618,AB's - Absolute Barbecues,India,Bangalore,12443,4.9,"European, Mediterranean, North Indian, BBQ"
51040,Truffles,India,Bangalore,14984,4.7,"Cafe, American, Burger, Steak"
18874059,The Pump House,India,Bangalore,1057,4.3,"Continental, Finger Food"
18709627,Simon Says Brew Works,India,Bangalore,2362,4.6,"Continental, American, Italian, Modern Indian, Pizza, Burger"
18727906,XOOX Brewmill,India,Bangalore,1782,4.5,"Modern Indian, European, Asian"
18642512,Stories,India,Bangalore,2636,4.6,"Continental, North Indian, Chinese"
18893197,FC Road Social,India,Pune,606,4.0,"Continental, American, Asian, North Indian, South Indian, European, Chinese, Fast Food"
18880433,BeHive,India,Pune,347,4.3,"North Indian, Chinese, Continental"
18715982,Flechazo,India,Pune,2927,4.7,"Asian, Mediterranean, North Indian"
18562250,Cafe Co2 Resto Lounge,India,Pune,1406,4.2,"North Indian, Chinese, Continental, Kebab, Seafood"
6508166,Flying Duck Co.,India,Pune,1266,4.5,"Asian, European"
18586395,Onesta,India,Pune,2770,4.8,"Pizza, Italian, Fast Food, Beverages, Desserts"
18732937,Darshan,India,Pune,1657,4.6,"Italian, Continental, Chinese, Mexican, Fast Food, Street Food, Desserts"
18784250,Universal Barbeque,India,Pune,1686,4.5,"BBQ, Chinese, North Indian, Beverages"
18740139,Grandmama's Cafe,India,Pune,1286,4.1,"Continental, Beverages, Desserts, Fast Food"
18545152,AB's - Absolute Barbecues,India,Pune,5225,4.8,"Continental, North Indian, Chinese"
18417624,The Sassy Spoon,India,Pune,1627,4.6,"European, Asian, Italian, Finger Food, Salad, Fast Food"
18383095,Teddy Boy,India,Pune,4547,4.2,"North Indian, Continental"
18621437,The FML Lounge,India,Pune,2059,4.1,"North Indian, Chinese, Continental, Finger Food"
18890430,The Barkhana,India,Pune,330,4.4,"North Indian, Continental"
18617201,Onesta,India,Pune,2168,4.7,"Pizza, Italian, Fast Food, Beverages, Desserts"
18650304,Tatva,India,Pune,2340,4.4,"North Indian, Chinese, Continental"
18657534,Viman Nagar Social,India,Pune,2352,4.5,"Continental, American, Asian, North Indian, South Indian, Chinese, European, Fast Food"
18536004,Culture - पुणे,India,Pune,2912,4.2,"Continental, North Indian, Italian, Mediterranean, European, Finger Food, Desserts"
6508323,The Urban Foundry,India,Pune,3369,4.6,"Asian, Indian"
18678581,Hippie@Heart,India,Pune,631,4.5,"Continental, Italian, North Indian, Finger Food, European"
90896,Bawarchi,India,Hyderabad,41333,4.5,"Biryani, Hyderabadi, North Indian, Seafood"
18550292,Flechazo,India,Hyderabad,7577,4.7,"Asian, Mediterranean, North Indian, Momos"
18312984,Sahib’s Barbeque by Ohri’s,India,Hyderabad,5346,4.7,"Hyderabadi, Awadhi, BBQ"
18538735,Over The Moon Brew Company,India,Hyderabad,2055,4.7,"Asian, Continental, North Indian, Chinese, Mediterranean"
18470497,84 Anjuna Shack,India,Hyderabad,1779,4.1,"Cafe, Italian, French, Goan, Continental"
18207447,Shah Ghouse Hotel & Restaurant,India,Hyderabad,11836,4.2,"Biryani, North Indian, Chinese"
18544039,The Roastery Coffee House,India,Hyderabad,3258,4.8,"American, Cafe, Continental"
90499,Coffee Cup,India,Secunderabad,3766,4.6,"Cafe, Continental, Salad"
18582430,Lucky Restaurant,India,Hyderabad,10298,4.2,"Biryani, North Indian, Chinese"
18514668,Captain Cook,India,Hyderabad,9076,3.9,"Biryani, North Indian, Chinese"
18715296,Bakasura Restaurant,India,Secunderabad,651,4.0,"Andhra, South Indian, Chinese"
18673497,Onesta,India,Hyderabad,2143,4.4,"Pizza, Italian, Fast Food, Beverages, Desserts"
95831,Green Bawarchi,India,Hyderabad,6293,3.7,"North Indian, Chinese, Biryani"
18138652,Paradise,India,Hyderabad,5781,4.5,"Biryani, North Indian, Chinese"
90903,Shah Ghouse Cafe & Restaurant,India,Hyderabad,7309,4.3,"Biryani, North Indian, Chinese"
18807262,Broadway,India,Hyderabad,827,4.6,"Continental, North Indian, Chinese"
18774025,eat.fit,India,Hyderabad,621,4.4,"Healthy Food, North Indian, Continental, South Indian"
18965675,Chubby Cho,India,Hyderabad,156,4.4,"Chinese, Asian, Sushi, Japanese"
18607685,Farzi Cafe,India,Hyderabad,2046,4.7,Modern Indian
94402,4M Biryani House,India,Hyderabad,4250,4.3,"Biryani, North Indian"
18938720,Coal Barbecues,India,Chennai,1517,4.9,"North Indian, Mediterranean, Asian, Arabian, BBQ"
18800810,The Black Pearl,India,Chennai,1435,4.6,"North Indian, European, Mediterranean, Continental, BBQ"
18595414,Coal Barbecues,India,Chennai,5776,4.9,"North Indian, Mediterranean, Asian, Arabian, BBQ"
18513783,Onesta,India,Chennai,4578,4.7,"Pizza, Italian, Fast Food, Beverages, Desserts"
70856,AB's - Absolute Barbecues,India,Chennai,9774,4.9,"BBQ, North Indian, European, Mediterranean"
18423043,Dhaba Estd 1986 Delhi,India,Chennai,1283,4.6,"North Indian, Desserts, Beverages"
67407,Copper Kitchen,India,Chennai,3925,4.6,"Seafood, North Indian, Chinese, Mughlai, Biryani"
73279,Paradise,India,Chennai,4642,4.4,"Biryani, North Indian, Chinese"
71443,Palmshore,India,Chennai,3198,4.5,"Seafood, Biryani, Kebab, North Indian, Chinese, Arabian, BBQ, Juices"
18588039,Fromage,India,Chennai,827,4.5,"Cafe, Italian, French, European"
72497,Palmshore,India,Chennai,2742,4.6,"Seafood, Biryani, Kebab, North Indian, Chinese, Arabian, BBQ, Juices"
70496,Sukkubhai Biriyani,India,Chennai,2113,4.4,Biryani
18665421,Blind Ch3mistry,India,Chennai,1365,4.5,"Cafe, Fast Food, Beverages"
18666824,AB's - Absolute Barbecues,India,Chennai,2208,4.9,"BBQ, North Indian, European, Mediterranean"
71405,Barbeque Nation,India,Chennai,2132,4.8,"North Indian, Continental, Kebab, BBQ"
18555163,Amelie's,India,Chennai,1217,4.4,"Cafe, Continental, Italian"
71799,Cleo's Grill & Cafe,India,Chennai,2413,4.5,"Chinese, Continental, Steak, North Indian"
18437170,Nasi And Mee,India,Chennai,1336,4.6,"Singaporean, Malaysian, Chinese, Asian, Thai, Momos"
18619095,Palmshore,India,Chennai,1528,4.5,"Seafood, Biryani, Kebab, North Indian, Chinese, Arabian, BBQ, Juices"
18540650,Guntur Gongura,India,Chennai,2086,3.7,"North Indian, Chinese, South Indian, Biryani"
800894,Mubeen's,India,Lucknow,1352,4.4,Mughlai
800468,Tunday Kababi,India,Lucknow,3753,4.8,"Mughlai, Lucknowi"
18801082,Farzi Café,India,Lucknow,298,4.6,Modern Indian
18970077,The Hazelnut Factory,India,Lucknow,203,4.4,"Bakery, Desserts, Cafe"
801170,Spice Caves,India,Lucknow,2401,4.6,"North Indian, Chinese, Mughlai"
18560184,The Terrace ,India,Lucknow,568,4.4,"North Indian, Continental"
18971277,Cafe Repertwahr,India,Lucknow,131,4.1,"North Indian, Chinese, Continental, Italian, Seafood, Salad"
800179,Mahalaxmi Sweets,India,Lucknow,1062,4.3,"Mithai, North Indian, Chinese"
18980427,Bombay Remix,India,Lucknow,113,4.0,"North Indian, Chinese, Continental, Desserts"
800089,Barbeque Nation,India,Lucknow,2194,4.9,North Indian
800152,Idrish Hotel,India,Lucknow,2180,4.4,Mughlai
801960,Dosa Planet,India,Lucknow,875,4.3,"South Indian, North Indian"
18701292,Pirates of Grill,India,Lucknow,1746,4.9,"North Indian, Mughlai, Continental"
800483,Dastarkhwan,India,Lucknow,2127,4.7,Mughlai
801146,Madhurima Veg,India,Lucknow,627,4.3,"Chinese, Sandwich, Fast Food, North Indian, Italian, Desserts, South Indian"
18387297,The Manish Eating Point,India,Lucknow,835,4.0,"North Indian, Awadhi, Biryani"
800432,Rattilal's,India,Lucknow,630,4.0,"Mithai, Street Food, Juices"
800896,Sardar Ji Ke Mashoor Chhole Bhature - Punjabi Zaika,India,Lucknow,692,4.1,Street Food
800630,Royal Cafe,India,Lucknow,990,4.3,"North Indian, Chinese, Mughlai, Fast Food"
18439027,Skyhilton,India,Lucknow,750,4.1,"North Indian, Chinese, Continental"
95361,Ifthar,India,Kochi,770,4.1,Kerala
901159,Westleys Restocafe (Formerly Burgeria),India,Kochi,262,4.1,"Fast Food, Ice Cream"
95256,Kashi Art Cafe,India,Kochi,1256,4.5,"European, Cafe"
18398435,Bikash Babu Sweets,India,Kochi,231,4.5,"Mithai, Fast Food"
903046,Nasi And Mee,India,Kochi,235,4.8,"Malaysian, Thai, Singaporean, Asian, Chinese"
902109,Sheba Kuzhimandhi,India,Kochi,516,4.2,Arabian
900533,Paragon,India,Kochi,1475,4.5,"Kerala, South Indian, Continental, North Indian, Seafood, Chinese"
95421,Dhe Puttu,India,Kochi,1162,4.3,Kerala
900668,KFC,India,Kochi,507,3.7,"Burger, Fast Food"
900524,Cafe 17,India,Kochi,900,4.6,"Cafe, Continental, Italian"
901622,The Grill Lab,India,Kochi,639,4.2,"Cafe, Continental, Pizza, Burger, Fast Food"
901665,Double Roti,India,Kochi,344,4.2,"Cafe, American, Burger, Fast Food"
95488,Cafe d' arabia,India,Kochi,541,4.1,"Arabian, Lebanese"
18153238,Hotel Harsh Dhaba,India,Kochi,622,4.1,"North Indian, South Indian, Fast Food"
900300,Real Arabia,India,Kochi,380,4.0,"Arabian, Chinese, North Indian"
901830,Mocha Art Cafe,India,Kochi,602,4.7,"Cafe, Continental, European, Italian, Seafood"
900561,Tonico Cafe,India,Kochi,935,4.3,Cafe
900551,Aavi,India,Kochi,213,3.8,Kerala
18153935,Galito's,India,Kochi,470,4.2,"African, Burger, Desserts, Beverages, Fast Food, Salad"
95333,Chiyang,India,Kochi,622,4.0,"Chinese, Continental"
100242,Shree Agarwal Caterers,India,Jaipur,1402,4.3,"Bakery, Cafe, Sandwich, Fast Food, Mithai, Mishti, Desserts"
18748726,The Night Jar,India,Jaipur,851,4.7,"North Indian, Continental, Chinese"
18641794,Shankar Samosa,India,Jaipur,727,4.3,Street Food
18903417,Chool,India,Jaipur,383,4.9,"Cafe, North Indian, South Indian, Fast Food"
18625823,Gulabi Nagari,India,Jaipur,1227,4.3,"North Indian, Chinese"
100756,Agarwal Sweets & Caterers,India,Jaipur,1216,4.2,"Mithai, North Indian, South Indian, Street Food, Chinese"
102439,Muhammadi Palace,India,Jaipur,2457,3.9,"North Indian, Mughlai"
100149,Kanha,India,Jaipur,1475,4.0,"North Indian, Street Food"
102695,Thali and More,India,Jaipur,1820,4.3,"North Indian, South Indian, Italian, Chinese"
100910,Rawat Mishthan Bhandar,India,Jaipur,2184,4.1,"Mithai, North Indian, South Indian, Chinese"
18733012,Fat Lulu's,India,Jaipur,669,4.3,"Continental, Pizza, Burger, American"
100611,M.M. Khan Hotel,India,Jaipur,1774,4.0,North Indian
18868487,Vegetrainian,India,Jaipur,366,4.5,"North Indian, Italian, Chinese"
18602340,Stepout Cafe,India,Jaipur,810,4.3,"Cafe, Italian, Lebanese, Mexican"
101736,Kanha,India,Jaipur,1266,4.1,"North Indian, Street Food"
100148,Kanha,India,Jaipur,1449,4.0,"North Indian, Street Food"
101212,Tapri Central,India,Jaipur,2862,4.9,"Cafe, Fast Food"
101777,Kanha,India,Jaipur,748,4.1,"North Indian, Street Food"
18467090,Manuhaar,India,Jaipur,837,4.0,"Mithai, Bakery, Fast Food"
18578663,Masala Ministry,India,Jaipur,945,4.5,"North Indian, Chinese, Fast Food"
18766005,The Esplendido Cafe,India,Ahmedabad,1001,4.4,"Cafe, American, Italian, Chinese, Beverages"
18882467,Makeba - The Lounge Cafe,India,Ahmedabad,368,4.2,"Cafe, Italian, Mexican, Healthy Food"
110208,Honest,India,Ahmedabad,823,3.9,"North Indian, South Indian, Fast Food, Chinese"
18385186,The Cafe Baraco,India,Ahmedabad,1528,4.3,"Cafe, Italian"
18396250,Huber & Holly,India,Ahmedabad,1413,4.8,"Cafe, Desserts"
18658177,Millhouse,India,Ahmedabad,773,4.2,"Continental, Italian"
18672107,Eleven 11 Restro Cafe,India,Ahmedabad,1079,4.3,"Cafe, Italian, North Indian"
18902811,Legends Of Punjab - By Pepperazi,India,Ahmedabad,218,4.1,"North Indian, Italian, BBQ, Mexican, Thai"
112466,Jay Nilkanth Food,India,Ahmedabad,1346,3.1,"North Indian, Chinese"
18663856,The Red Bistro,India,Ahmedabad,491,4.6,"Mexican, Italian, North Indian"
18766904,The Secret Kitchen,India,Ahmedabad,441,4.1,North Indian
18627705,I Love Sandwich House,India,Ahmedabad,1106,4.2,"Cafe, Sandwich"
18819827,Kadak Bhagat,India,Ahmedabad,444,4.6,"North Indian, Chinese, Fast Food"
18874418,Upri Manzil,India,Ahmedabad,297,4.1,"North Indian, Italian, Continental"
18578691,Bogarosa,India,Ahmedabad,1156,4.1,"Continental, North Indian"
110026,Barbeque Nation,India,Ahmedabad,2236,4.5,"Mughlai, North Indian, BBQ"
18545544,Mocha,India,Ahmedabad,970,4.4,"Cafe, Italian"
113234,Shree Annpurna,India,Ahmedabad,1795,4.1,"North Indian, Chinese"
111826,Yanki Sizzlers,India,Ahmedabad,3437,4.9,"Continental, Italian, Chinese"
18480250,Cafe De Italiano,India,Ahmedabad,770,4.3,Cafe
120687,Subway,India,Mohali,1438,4.3,"Healthy Food, Sandwich, Salad"
18848676,Beach N Brew,India,Chandigarh,420,4.5,"North Indian, Continental, Chinese"
121896,Bhena Da Dhaba,India,Mohali,1668,3.9,North Indian
121335,Pirates of Grill,India,Chandigarh,2033,4.4,North Indian
121316,Nando's,India,Chandigarh,902,4.9,"Portuguese, Wraps, Burger, Salad"
124170,Sector 7 Social,India,Chandigarh,2557,4.7,"Continental, American, Asian, North Indian, Momos, Beverages"
18634639,Pradhan Dhaba,India,Chandigarh,925,4.0,"North Indian, Chinese, Fast Food"
123013,Amrit Sweets,India,Mohali,1057,4.0,"Mithai, North Indian, South Indian, Street Food"
120767,New Panna Sweets,India,Chandigarh,1778,3.9,"Street Food, Chinese, Fast Food, Mithai, North Indian, Burger, Desserts, Pizza"
18694731,DND - Daily Nutritional Diet,India,Mohali,586,4.5,"Healthy Food, Salad"
122418,Burger King,India,Chandigarh,1174,4.1,"Burger, Fast Food"
120999,Jalandhar Sweets,India,Chandigarh,1319,4.0,"South Indian, North Indian, Chinese, Mithai"
121425,Super Donuts,India,Chandigarh,1335,4.4,"Desserts, Burger, Fast Food"
124158,The Hedgehog Café,India,Chandigarh,1031,4.5,"Cafe, Italian, American, Continental"
123043,Khalsa Dhaba,India,Mohali,1094,3.9,"North Indian, South Indian, Chinese"
18609823,Falcon Cafe Lounge,India,Panchkula,1589,4.6,Cafe
122653,Food@U,India,Chandigarh,2129,4.2,"North Indian, Chinese, South Indian, Rolls"
120554,Books N Brew,India,Chandigarh,1108,3.7,"Cafe, Fast Food, Italian, Chinese"
122875,Tossin Pizza,India,Chandigarh,846,4.2,"Pizza, Italian"
123191,CAFÈ JC's,India,Chandigarh,1277,4.4,"Continental, Cafe, North Indian, Chinese, American"
130309,Purple Martini,India,Goa,1507,4.8,"Continental, Seafood, Italian, Mediterranean, North Indian"
130409,Baba Au Rhum,India,Goa,1282,4.6,"Italian, French, Cafe"
16512333,Britto's Bar & Restaurant,India,Goa,3900,4.3,"Chinese, Continental, Goan, North Indian, Seafood"
16524239,Bay 15,India,Goa,369,4.4,"Thai, Chinese, Indian, Goan, North Indian, Italian, Mediterranean, Seafood"
130535,The Fisherman's Wharf,India,Goa,1427,4.7,"Seafood, Goan, North Indian, Continental, Asian"
18685303,The Fisherman's Wharf,India,Goa,882,4.6,"Seafood, Goan, North Indian, Continental, Asian"
130427,Artjuna,India,Goa,579,4.4,"Healthy Food, Mediterranean, Cafe, Israeli, Lebanese"
18601542,The Lazy Goose,India,Goa,783,4.6,"Seafood, Goan, Continental"
130888,The Black Sheep Bistro,India,Goa,1850,4.7,"Seafood, Continental, European, German"
18555916,Tio Tilly's Bar & Kitchen,India,Goa,560,4.4,"Continental, Finger Food, Burger, Pizza"
16519168,Martin's Corner,India,Goa,2226,4.6,"Goan, Seafood, Chinese, North Indian"
16512336,Fat Fish,India,Goa,1957,4.2,"North Indian, Continental, Goan"
130230,Curlies,India,Goa,2816,3.8,"Continental, North Indian, Italian, Seafood, Goan"
16525595,Cafe Cotinga,India,Goa,513,4.4,"Continental, North Indian, Bakery"
18232814,Kokni Kanteen,India,Goa,839,4.6,Goan
16541849,The Fisherman's Wharf,India,Goa,1197,4.5,"Seafood, Goan, North Indian, Continental, Asian"
130567,Souza Lobo,India,Goa,1548,4.3,"Chinese, Continental, Goan, Finger Food, North Indian"
130430,Co Co Mo,India,Goa,232,4.4,"North Indian, Chinese, Goan, Russian, Italian"
16519268,La Plage,India,Goa,545,4.4,"Seafood, French"
18558647,Navtara Veg Restaurant,India,Goa,583,4.5,"South Indian, North Indian, Chinese, Mughlai"
1400382,Shree Gurukripa,India,Indore,1750,4.2,North Indian
1400038,Apna Sweets,India,Indore,1331,4.2,"Mithai, North Indian, South Indian, Beverages"
18715348,The Monroe,India,Indore,647,4.4,"Italian, Chinese, North Indian"
1402185,Shree Gurukripa,India,Indore,1270,4.1,North Indian
1400208,Apna Sweets,India,Indore,1387,4.1,"Mithai, North Indian, South Indian, Beverages"
1401685,Dutt Guru Kripa,India,Indore,1138,4.0,"North Indian, Fast Food"
18675443,Sagar Gaire,India,Indore,2857,4.1,"South Indian, North Indian, Fast Food"
1400574,Hotel Rajhans,India,Indore,1788,3.8,North Indian
1400056,Nafees Restaurant,India,Indore,2819,4.2,"North Indian, Mughlai"
18713037,Tic Tac Toe,India,Indore,354,4.5,"North Indian, Chinese, Fast Food"
1401724,Hotel Guru Kripa Avenue,India,Indore,1147,4.0,North Indian
18254231,Oye24,India,Indore,1370,4.0,"North Indian, Chinese"
1400287,Madhuram Sweets,India,Indore,584,4.1,"South Indian, Fast Food, Mithai"
1401774,Banana Leaf,India,Indore,751,4.3,"South Indian, North Indian"
18684400,Little Monk,India,Indore,381,4.2,"North Indian, Italian, Chinese, Mughlai"
1400310,Vijay Chaat House,India,Indore,561,4.5,"Mithai, Street Food"
1400311,Apna Sweets,India,Indore,1634,3.9,"Mithai, North Indian, South Indian, Beverages"
18395137,Just My Bakes,India,Indore,716,4.1,"Cafe, North Indian"
1402252,Mustang - Hotel Somdeep Palace,India,Indore,1109,4.8,"North Indian, Chinese"
18601095,Indore Kitchen - Indore Marriott Hotel,India,Indore,534,4.4,"North Indian, Italian, Asian, Fast Food"
18746380,Domino's,India,Gangtok,53,3.2,"Pizza, Fast Food"
18746904,Baker's Cafe,India,Gangtok,53,3.4,"Cafe, Bakery"
16500301,The Dragon Wok,India,Gangtok,36,3.3,Chinese
18746039,Osm Restaurant,India,Gangtok,65,3.5,"North Indian, Continental, Chinese"
18746176,Taste of Tibet,India,Gangtok,39,3.4,"Tibetan, Chinese"
18746050,Osm Lounge,India,Gangtok,16,3.3,Finger Food
16500332,Nimtho,India,Gangtok,31,3.6,"Tibetan, Nepalese"
18746004,Bonfire ,India,Gangtok,24,3.4,"Tibetan, North Indian, Fast Food, Chinese"
16500309,Roll House,India,Gangtok,29,3.3,Fast Food
16500300,The Local Cafe,India,Gangtok,34,3.5,"Tibetan, Italian"
18746148,Chopstick,India,Gangtok,22,3.5,Chinese
18746007,Parivar,India,Gangtok,18,3.2,"South Indian, Chinese, North Indian"
18922563,Domino's Pizza,India,Gangtok,12,3.2,"Pizza, Fast Food"
18746062,Cafe Live & Loud ,India,Gangtok,22,3.3,"North Indian, Continental, Chinese"
18746689,Baker's Cafe,India,Gangtok,15,3.4,"Cafe, Bakery"
16500321,Momo King ,India,Gangtok,15,3.3,"Nepalese, Chinese"
16500330,Khan Uncle's Biryani House,India,Gangtok,24,3.4,"Fast Food, Biryani, Chinese"
16500333,Nimtho,India,Gangtok,14,3.2,"Tibetan, Nepalese"
16500304,Thakali,India,Gangtok,10,3.2,Nepalese
18983524,Mehfill- Resto Bar,India,Gangtok,3,0.0,North Indian
18629821,Sula Vineyards,India,Nashik,228,4.7,"Cafe, Pizza, North Indian"
1600099,Kokni Darbar,India,Nashik,938,4.2,"Fast Food, Chinese, Mughlai"
1600067,Al Arabian Express,India,Nashik,689,4.4,Mughlai
1600136,Dairy Don,India,Nashik,342,4.5,Ice Cream
18585945,The Foundry- Industrial Bar & Sport,India,Nashik,212,4.6,"Continental, Italian, American"
18839989,Samarth Juice Center,India,Nashik,306,4.3,"Beverages, Juices"
18943921,Burger Point,India,Nashik,144,4.3,"Burger, Fast Food"
1600500,The Sidewalk,India,Nashik,214,4.9,"Continental, Indian, Chinese"
18608708,Burger King,India,Nashik,418,4.3,"Burger, Fast Food"
1600258,Barbeque Nation,India,Nashik,772,4.8,"North Indian, European, Mediterranean, Asian"
18632170,Panorama,India,Nashik,179,4.6,"North Indian, Chinese"
1600169,Veg Aroma,India,Nashik,289,4.1,North Indian
1600301,Cellar Door @ York,India,Nashik,102,4.4,"North Indian, Maharashtrian, Chinese"
18658877,Rock n' Roll,India,Nashik,349,3.9,"Rolls, Fast Food, Chinese"
1600227,Divtya Budhlya Wada Restaurant,India,Nashik,312,4.4,Maharashtrian
18573795,The FRIENDS Bistro,India,Nashik,223,4.5,Cafe
1600119,Domino's Pizza,India,Nashik,274,3.7,"Pizza, Fast Food"
1600109,Eastern Spice,India,Nashik,216,4.0,North Indian
18962186,Hotel Mughal Darbar,India,Nashik,130,4.2,"Mughlai, North Indian, Chinese"
1600029,Barbeque Ville,India,Nashik,328,4.2,North Indian
18698487,Angaara ,India,Ooty,144,3.6,"Arabian, Chinese, Continental, South Indian"
18698864,A2B- Adyar Ananda Bhavan,India,Ooty,139,3.4,"South Indian, North Indian"
18698898,Domino's Pizza,India,Ooty,75,3.3,"Pizza, Fast Food"
18698690,Nahar Sidewalk Cafe,India,Ooty,50,3.3,"Cafe, Burger, Pizza"
18698726,Hyderabad Biriyani House,India,Ooty,39,3.3,"Andhra, Biryani"
18699624,Shinkows Chinese Restaurant ,India,Ooty,62,3.2,Chinese
18698924,Hyderabad Biryani House,India,Ooty,61,3.2,"Andhra, Biryani"
18698964,Thalassery Restaurant,India,Ooty,42,3.3,South Indian
18698943,Willy's Coffee Pub,India,Ooty,39,3.3,Cafe
18698658,Place To Bee,India,Ooty,55,3.7,Italian
18698644,Cocoapods,India,Ooty,24,3.3,Cafe
18699681,Darjeeling Spicy Momo,India,Ooty,20,3.4,"Chinese, Tibetan, Momos"
18698833,Pankaj Bhojanalaya,India,Ooty,23,3.3,North Indian
18699247,Dining Room,India,Ooty,8,3.4,"Armenian, Chinese, European, Italian, North Indian, South Indian"
18698916,New Ooty Bakery ,India,Ooty,21,3.3,"Mithai, Bakery, Chinese, Fast Food"
18698797,Hotel Junior Kuppanna,India,Ooty,20,3.3,"Chettinad, South Indian"
18698832,Quality Restaurant,India,Ooty,14,3.2,"Chinese, South Indian, North Indian"
18700259,Thendral Restaurant,India,Ooty,7,3.3,South Indian
18698688,Cliff Top,India,Ooty,10,3.3,"North Indian, South Indian, European"
18698999,Ooty Coffee House ,India,Ooty,14,3.3,South Indian
18848790,The Brew Estate,India,Shimla,148,4.0,"North Indian, Continental"
18703923,Cafe Simla Times,India,Shimla,185,4.1,"Cafe, North Indian, Continental, Beverages, Chinese"
18703946,Cafe Sol,India,Shimla,71,3.6,Cafe
18704132,Indian Coffee House,India,Shimla,66,3.7,"Fast Food, Beverages"
18704176,Hide Out Cafe,India,Shimla,71,3.6,Cafe
18704216,45 The Central,India,Shimla,46,3.6,"North Indian, European, Asian"
18704153,Domino's,India,Shimla,119,3.5,Pizza
18704300,Sher-e-Punjab,India,Shimla,54,3.3,North Indian
18703974,Cafe Under Tree,India,Shimla,44,3.6,Cafe
18704318,Sita Ram & Son ,India,Shimla,56,3.5,Street Food
18704259,Honey Hut,India,Shimla,49,3.6,Cafe
18703932,Eighteen 71,India,Shimla,46,3.6,"Continental, North Indian, Chinese, Bakery, Beverages"
18703939,Embassy The Restaurant,India,Shimla,46,3.0,Cafe
18703966,HPTDC Goofa Ashiana Bar and Restaurant,India,Shimla,38,3.5,Continental
18704355,Gupta Ji Bhojnalya,India,Shimla,47,3.3,"North Indian, Street Food"
18703964,Nalini,India,Shimla,22,3.2,"North Indian, Chinese, South Indian"
18704552,Diamond,India,Shimla,30,3.2,"Mithai, Fast Food"
18704352,China Town Restaurant,India,Shimla,16,3.5,Chinese
18704339,Hotel Combermere,India,Shimla,28,3.6,Cafe
18704457,Singh's Tandoor,India,Shimla,48,3.3,"North Indian, Fast Food"
18784840,The Table By Basant,India,Ludhiana,884,4.4,"North Indian, Pizza, Fast Food, Burger, Sandwich, Rolls"
15401,Natural Soups & Shakes,India,Ludhiana,895,4.5,"Fast Food, Beverages, Street Food"
15221,Basant,India,Ludhiana,1315,4.4,"North Indian, Chinese, South Indian, Fast Food"
18400368,Pirates Of Grill,India,Ludhiana,982,4.9,"North Indian, Mughlai"
15008,Hot Breads,India,Ludhiana,1086,4.4,"Continental, Chinese, Italian, Bakery"
18680874,Natural 2,India,Ludhiana,525,4.3,"Chinese, Burger, Sandwich, Rolls, Momos"
15047,Rishi Vegetarian Dhaba NK,India,Ludhiana,2158,4.2,North Indian
18444271,Hawai Adda,India,Ludhiana,745,4.5,"Chinese, Continental, Indian, North Indian"
15556,New Delhi Chhole Bhature,India,Ludhiana,978,4.0,"North Indian, Street Food"
18728655,Uncle Jack's,India,Ludhiana,703,4.8,"American, Desserts, Beverages"
15239,Basant Restaurant,India,Ludhiana,990,4.1,"North Indian, Chinese, Fast Food"
15101,Bansi Vaishno Dhaba,India,Ludhiana,1813,4.0,North Indian
18586834,Burger King,India,Ludhiana,1283,4.0,"Burger, Fast Food"
15295,Raja Dhaba,India,Ludhiana,1166,4.1,"North Indian, Street Food, Chinese, Burger, Pizza, Biryani, South Indian"
18282260,KFC,India,Ludhiana,1170,4.1,"Burger, Fast Food"
15077,Meshi Vaishnu Dhaba,India,Ludhiana,900,4.0,North Indian
18729016,K Chawla Ice Cream & Sweets,India,Ludhiana,385,4.4,"Mithai, Ice Cream, Chinese, Burger, Sandwich, Pizza, Rolls, Momos"
15488,Shahi Khansama,India,Ludhiana,1298,4.2,"North Indian, Chinese, Fast Food, Rolls"
15127,Vipan Vaishno Dhaba,India,Ludhiana,636,4.1,North Indian
18583331,Gopal Sweets,India,Ludhiana,485,4.3,"Mithai, Fast Food"
2100712,Mocha,India,Guwahati,1069,4.8,"Cafe, Italian"
2101445,The Steaming Mug ,India,Guwahati,542,4.2,Cafe
2100702,Barbeque Nation,India,Guwahati,1795,4.9,"North Indian, Mediterranean"
2100707,KFC,India,Guwahati,459,4.1,"Burger, Fast Food"
2100719,The Corner Cafe,India,Guwahati,682,4.1,"Cafe, Continental, Momos"
18633388,Kalita Cafe,India,Guwahati,294,4.4,"Rolls, Bakery, European"
2100784,11th Avenue Cafe Bistro,India,Guwahati,1049,4.2,"Cafe, American, Italian, Continental"
2100118,The Dhaba,India,Guwahati,645,4.1,"North Indian, Biryani"
2100478,Terra Mayaa Restaurant and Lounge,India,Guwahati,808,4.1,"Continental, Italian, Indian, Asian"
2100821,Raja Mircha,India,Guwahati,576,4.7,"Assamese, Naga"
2100832,Mast Biryani,India,Guwahati,880,4.5,"North Indian, Biryani"
18710093,Fat Belly,India,Guwahati,300,4.3,"Chinese, Thai, Momos"
18801521,Cafe Gram,India,Guwahati,150,4.0,"Chinese, Biryani"
2100644,KFC,India,Guwahati,633,3.8,"Burger, Fast Food"
2100495,Grill Republica,India,Guwahati,503,4.3,"Rolls, Momos, Burger"
2100913,Kalita Spectrum,India,Guwahati,398,4.7,"Chinese, Biryani, Desserts"
2100904,Mughal Garden,India,Guwahati,488,4.4,"Mughlai, North Indian"
18702475,Nanz Cafe,India,Guwahati,247,4.5,"Cafe, Momos"
18381932,The Zouq : Resto-Cafe,India,Guwahati,594,3.8,"Chinese, Cafe, Italian, North Indian"
18480196,Fat Belly,India,Guwahati,781,4.6,"Asian, Chinese, Tibetan, Momos"
2200000,Kesar Da Dhabha,India,Amritsar,2569,4.6,North Indian
2200044,Bharawan Da Dhaba,India,Amritsar,989,4.3,"North Indian, Fast Food"
2200132,Bade Bhai ka Brothers Dhaba,India,Amritsar,1005,4.4,North Indian
2200105,R K Food Plaza,India,Amritsar,504,4.2,"North Indian, Chinese, Fast Food"
2200055,Beera Chicken House,India,Amritsar,876,4.3,North Indian
2200045,The Kulcha Land,India,Amritsar,812,4.5,"North Indian, Street Food"
2200011,Makhan Fish and Chicken Corner,India,Amritsar,867,4.0,"North Indian, Chinese"
2200365,Cafe Connect,India,Amritsar,395,4.1,Fast Food
2200864,Burger King,India,Amritsar,568,4.1,Burger
2200386,Kale Da Dhaba,India,Amritsar,493,4.2,North Indian
2200236,Brothers' Amritsari Dhaba,India,Amritsar,343,4.3,North Indian
2200245,Novelty Sweets,India,Amritsar,345,4.2,Mithai
2200358,Bon Gateau,India,Amritsar,413,4.3,"Cafe, Bakery, Fast Food"
2200314,Domino's Pizza,India,Amritsar,663,3.8,"Pizza, Fast Food"
2200534,Sip n Breww,India,Amritsar,399,3.9,Cafe
2200357,Sanjha Chulha,India,Amritsar,465,4.2,North Indian
2200283,Sakhis Watz Kukin,India,Amritsar,385,4.4,"Chinese, Continental, North Indian, Italian, Mughlai"
2200153,Kanha Sweets,India,Amritsar,451,4.7,Fast Food
2200923,Hungry Pizza,India,Amritsar,294,4.0,"Fast Food, Italian, Pizza"
2200286,Cafe Chokolade,India,Amritsar,301,4.0,"Salad, Cafe, Healthy Food, Fast Food"
2300179,Talk Of The Town,India,Kanpur,604,4.4,Chinese
2300175,Mithas,India,Kanpur,457,4.4,"Mithai, Fast Food, Street Food, South Indian"
2300842,Hot Pizza Ace,India,Kanpur,472,4.0,"Pizza, Fast Food"
18209832,Zyka Restaurant,India,Kanpur,596,4.1,"North Indian, Biryani, Desserts, Fast Food, Pizza"
2300299,Domino's Pizza,India,Kanpur,1000,3.5,"Pizza, Fast Food"
18697142,Facebook Point,India,Kanpur,383,4.0,"Burger, Chinese, North Indian, Rolls"
2300884,Sagar Ratna,India,Kanpur,447,4.3,"South Indian, North Indian, Chinese"
18811222,Chauuan Pandit Paties,India,Kanpur,419,4.5,Fast Food
2300981,Bazooka,India,Kanpur,874,3.9,"Cafe, North Indian, Chinese"
2300729,Juicebox,India,Kanpur,338,4.3,"Beverages, Fast Food"
2300984,Foodoo Pizza,India,Kanpur,399,3.8,"Fast Food, Pizza, Chinese"
2300092,Pandit's,India,Kanpur,321,4.2,"North Indian, Mithai"
2300492,Baba Food Court,India,Kanpur,352,4.1,"Mughlai, Hyderabadi"
2301845,Mi Casa,India,Kanpur,141,4.4,"Continental, Italian, Fast Food, Burger, American, Chinese"
2300502,Silver Spoons,India,Kanpur,422,4.2,"Bakery, Fast Food, Chinese, Continental, Italian, Momos, Pizza"
2300051,Domino's Pizza,India,Kanpur,1090,3.9,"Pizza, Fast Food"
2300050,Baba Biryani,India,Kanpur,422,4.1,"Mughlai, Hyderabadi"
2300549,Mithas,India,Kanpur,337,4.3,"Mithai, Desserts, Fast Food, Street Food"
2300104,Spicy Foods,India,Kanpur,440,4.0,"North Indian, Fast Food"
2300035,KFC,India,Kanpur,611,4.1,"Burger, Fast Food"
2400349,Pizza Hut,India,Allahabad,565,4.0,"Italian, Pizza"
2400358,Domino's Pizza,India,Allahabad,520,3.7,"Pizza, Fast Food"
2400193,Mr. Dewsis,India,Allahabad,485,4.2,"North Indian, Chinese"
2400565,Old School Cafe,India,Allahabad,360,4.4,"Cafe, North Indian, Continental, Chinese, Indian, Thai, Burger"
2400018,El Chico Restaurant,India,Allahabad,506,4.3,"Continental, North Indian, Chinese"
2400394,Well Bean Cafe,India,Allahabad,284,4.4,Cafe
2400269,Hot n Cool,India,Allahabad,236,4.3,"Desserts, Fast Food, Ice Cream"
2400119,KFC,India,Allahabad,431,4.2,"Burger, Fast Food"
18799013,Nainital Momos,India,Allahabad,123,4.1,"Momos, Beverages"
2400009,Sagar Ratna,India,Allahabad,621,4.4,"South Indian, North Indian, Chinese, Continental"
2400014,McDonald's,India,Allahabad,526,4.3,"Burger, Fast Food"
2400356,Domino's Pizza,India,Allahabad,515,3.9,"Pizza, Fast Food"
2400017,Tandoor Restaurant,India,Allahabad,343,2.8,"North Indian, Chinese"
2400019,Bikanerwala,India,Allahabad,224,4.2,"North Indian, Street Food, Fast Food"
18889008,EDEN by Connoisseur,India,Allahabad,95,4.5,"North Indian, Chinese, Continental"
2400403,Pind Balluchi,India,Allahabad,305,4.3,"North Indian, Mughlai"
2400020,Aryan Family's Delight,India,Allahabad,298,4.3,"North Indian, South Indian, Fast Food"
2400533,SCORE - The Games Cafe,India,Allahabad,332,4.5,"Cafe, Desserts, Beverages"
18901221,7th Heaven,India,Allahabad,78,4.0,"Bakery, Italian, Continental, Desserts"
2400390,Haldiram Bhujiawala,India,Allahabad,313,4.1,"North Indian, Fast Food, Street Food, South Indian, Chinese"
2500904,Kef Lounge,India,Aurangabad,256,4.6,"North Indian, Chinese, Thai"
2500672,SNT Tahari House ,India,Aurangabad,379,4.4,Maharashtrian
2500034,Green Leaf,India,Aurangabad,798,4.8,"Chinese, North Indian"
2500969,Mustafa's Dum Biryani,India,Aurangabad,787,3.7,Biryani
2500346,Yalla Yalla,India,Aurangabad,576,4.3,"North Indian, Hyderabadi, Biryani"
2500135,Domino's Pizza,India,Aurangabad,511,2.6,"Pizza, Fast Food"
2500211,Saurabh Restaurant,India,Aurangabad,356,4.7,"North Indian, Mughlai, Biryani, South Indian, Chinese"
2500123,Great Sagar Restaurant,India,Aurangabad,458,4.1,"North Indian, Mughlai, Kebab, Biryani"
2500332,KFC,India,Aurangabad,436,4.3,"Burger, Fast Food"
2500030,Bhoj Restaurant,India,Aurangabad,527,4.6,North Indian
2500654,Sagar Restaurant ,India,Aurangabad,278,4.0,North Indian
2500055,Smile Veg Restaurant,India,Aurangabad,387,4.3,"North Indian, South Indian, Fast Food, Chinese"
2500164,Koyla Dum Biryanis & Kebabs,India,Aurangabad,487,2.7,Biryani
2500353,Pizza Hut,India,Aurangabad,434,4.0,"Pizza, Fast Food"
2500385,Gayatri Mewad,India,Aurangabad,329,4.5,Maharashtrian
2500146,Sai Prasad,India,Aurangabad,350,4.5,"North Indian, Chinese"
2500241,Cone-N-Cakes,India,Aurangabad,263,4.4,"Desserts, Fast Food"
2500052,Ashoka's Veg Restaurant,India,Aurangabad,280,4.0,"South Indian, Chinese, North Indian"
18796129,Shahi Mughal Darbar,India,Aurangabad,225,4.5,"North Indian, Mughlai, Chinese"
2500134,Domino's Pizza,India,Aurangabad,386,3.1,"Pizza, Fast Food"
2600334,Sagar Gaire Fast Food,India,Bhopal,1393,4.5,"North Indian, South Indian, Chinese, Fast Food, Beverages"
2600081,Zam Zam Fast Food,India,Bhopal,1551,4.3,North Indian
2600369,Sagar Gaire Fast Food,India,Bhopal,999,4.5,"Fast Food, Chinese, Beverages"
2600499,Zam Zam Fast Food,India,Bhopal,863,4.1,"North Indian, Mughlai"
2600003,Manohar Dairy And Restaurant,India,Bhopal,753,4.4,"Street Food, South Indian, Fast Food, Desserts, North Indian, Chinese, Bakery, Mithai"
2600109,Sagar Gaire Fast Food,India,Bhopal,2470,4.6,"North Indian, South Indian, Chinese, Fast Food, Beverages"
2600665,Vishnu Chinese Fast Food,India,Bhopal,797,4.3,"North Indian, South Indian, Chinese, Fast Food"
2600321,Sagar Gaire Fast Food,India,Bhopal,755,4.2,"North Indian, South Indian, Chinese, Fast Food, Beverages"
2600051,Al-Beik,India,Bhopal,1017,4.3,Fast Food
18154918,Khan Sahab,India,Bhopal,737,4.2,Mughlai
2601361,Sagar Gaire Fast Food,India,Bhopal,639,4.1,"South Indian, North Indian, Chinese, Fast Food, Beverages"
2600320,Sagar Gaire Fast Food,India,Bhopal,1157,4.4,"North Indian, South Indian, Chinese, Fast Food, Beverages"
18812768,Anni Bhai ki Biryani,India,Bhopal,276,4.5,Biryani
2600047,Bapu Ki Kutia,India,Bhopal,519,3.9,"North Indian, Chinese, South Indian, Fast Food, Street Food"
2601776,Khan Chacha,India,Bhopal,591,4.0,North Indian
18772225,Sagar Gaire Fast Food,India,Bhopal,356,4.1,"Fast Food, Chinese, South Indian, Beverages"
2601248,Sagar Gaire Fast Food,India,Bhopal,496,4.2,"South Indian, North Indian, Chinese, Fast Food, Beverages"
2601595,Sagar Gaire Fast Food,India,Bhopal,386,4.1,"South Indian, North Indian, Chinese, Fast Food, Beverages"
2600913,32 Degree North East,India,Bhopal,308,4.6,North Indian
2600008,Bake N Shake,India,Bhopal,649,4.6,"Bakery, Chinese, Continental, Pizza, Italian, Sandwich, Beverages, Cafe"
2700085,Kaveri - Lalpur,India,Ranchi,809,4.2,"North Indian, Chinese, South Indian, Biryani, Fast Food"
2700048,Domino's Pizza,India,Ranchi,1053,4.1,"Pizza, Fast Food"
2700059,Punjab Sweet House,India,Ranchi,915,4.5,"Mithai, Street Food, Desserts, South Indian, Beverages"
18388053,The Best,India,Ranchi,398,4.3,"North Indian, Pizza, South Indian, Bakery, Fast Food, Sandwich, Burger"
2700606,Second Wife Restaurant,India,Ranchi,381,4.2,"Chinese, Fast Food, Burger"
2700423,Punjabi Kitchen,India,Ranchi,588,4.2,"North Indian, Biryani, Fast Food"
2700336,The Mezbaan,India,Ranchi,616,4.0,"North Indian, Biryani, Chinese, Fast Food"
2700986,Domino's Pizza,India,Ranchi,596,3.7,"Pizza, Fast Food"
2700458,The Breaking Bread,India,Ranchi,395,4.6,"Cafe, Bakery, Italian"
18159977,Hot Lips,India,Ranchi,327,4.2,"North Indian, Chinese, Biryani, Pizza, Street Food, Desserts, Beverages"
2700558,KFC,India,Ranchi,336,4.2,"Burger, Fast Food"
2700489,Jashn,India,Ranchi,370,4.3,"North Indian, Chinese, Fast Food"
2700044,KFC,India,Ranchi,584,4.1,"Burger, Fast Food"
2700024,New Kathi Kabab,India,Ranchi,607,4.1,"North Indian, Chinese, Biryani, Fast Food"
2700047,Domino's Pizza,India,Ranchi,513,3.8,"Pizza, Fast Food"
2700081,Seasons Restaurant,India,Ranchi,457,4.1,"North Indian, Chinese, Fast Food, Biryani, Street Food, Pizza, Desserts, Beverages"
2700696,Kareem's,India,Ranchi,485,4.2,"Biryani, North Indian, Mughlai, Street Food, Desserts"
2700779,Sardar Fast Food Plaza,India,Ranchi,384,3.9,"Chinese, North Indian, Biryani, Fast Food"
2700049,Pizza Hut,India,Ranchi,373,4.2,Pizza
2700011,Seventh Heaven,India,Ranchi,520,4.3,"South Indian, North Indian, Chinese, Pizza, Street Food, Biryani, Burger, Sandwich"
2800993,Zeeshan Restaurant - Apna Hyderabadi Food,India,Vizag,1986,4.3,"Hyderabadi, Mughlai"
2800294,Sri Sairam Parlour,India,Vizag,1377,4.6,"South Indian, North Indian"
2801554,Helapuri Restaurant,India,Vizag,1283,4.1,"Biryani, Chinese, North Indian, South Indian"
2800014,KFC,India,Vizag,1825,4.3,"Burger, Fast Food"
2800096,Kamat Restaurant,India,Vizag,1468,4.4,"Andhra, North Indian, Chinese, Seafood, Biryani"
2801173,Paradise,India,Vizag,1073,3.8,"Biryani, North Indian, Chinese"
2801561,Indian Flavours Restaurant,India,Vizag,672,4.0,"North Indian, Chinese, Biryani, South Indian"
18766029,Helapuri Restaurant,India,Vizag,553,3.8,"Biryani, Chinese, North Indian, South Indian"
2801545,Helapuri Restaurant,India,Vizag,596,4.0,"Biryani, Chinese, North Indian"
2801559,Hotel V Parlour,India,Vizag,593,4.2,"South Indian, North Indian, Chinese"
2800083,My Restaurant,India,Vizag,825,4.2,"Andhra, North Indian, Chinese, Biryani"
2801648,Helapuri Restaurant,India,Vizag,582,3.7,"Biryani, Chinese, North Indian, South Indian"
2800901,Paradise,India,Vizag,1707,3.8,"Biryani, North Indian, Chinese"
2801034,"Fresh Choice- Patisserie, Bakery & Café",India,Vizag,430,4.7,"Bakery, Cafe"
2800790,Hotel Grand Alpha,India,Vizag,1010,2.9,"Biryani, North Indian, Chinese"
2800868,Raju's Kitchen,India,Vizag,544,4.1,"Chinese, North Indian, Fast Food"
2801236,KFC,India,Vizag,1035,4.0,"Burger, Fast Food"
18809359,Helapuri Tiffins,India,Vizag,499,3.8,South Indian
2800114,New Satyam Multicuisine Restaurant & Takeaway,India,Vizag,847,4.0,"North Indian, Chinese, Andhra"
2800903,Mekong - Hotel GreenPark,India,Vizag,635,4.7,"Chinese, Thai, Burmese, Vietnamese, Tibetan, Japanese, Momos"
18805782,Chili's Grill & Bar,India,Bhubaneshwar,301,4.9,"Tex-Mex, Fast Food"
2902018,Biryani Bhubaneswar,India,Bhubaneshwar,1393,4.0,Biryani
18991874,Breathe By Biswajit,India,Bhubaneshwar,90,3.8,"North Indian, Chinese, Seafood, Desserts, Beverages"
2901195,BOCCA Cafe,India,Bhubaneshwar,733,4.5,Cafe
2900234,TCD Restaurant & Banquet,India,Bhubaneshwar,872,4.1,"Fast Food, North Indian, Chinese"
2900509,Chandini Food Magic,India,Bhubaneshwar,579,3.2,Fast Food
18237402,Biggies Burger 'n' More,India,Bhubaneshwar,676,4.4,Fast Food
18271459,JUGAAD JN.,India,Bhubaneshwar,1112,4.3,"North Indian, Rajasthani"
2901460,Sher-e-Punjab,India,Bhubaneshwar,659,3.7,"North Indian, Chinese, Mughlai"
18770281,Three Kings,India,Bhubaneshwar,333,4.5,"Arabian, Mughlai, Lebanese"
2900667,Biryani247,India,Bhubaneshwar,1107,3.9,"Biryani, North Indian, Mughlai, Momos"
2900453,KFC,India,Bhubaneshwar,669,4.2,"Burger, Fast Food"
2900474,Narula's Restaurant,India,Bhubaneshwar,931,4.4,"North Indian, Mughlai"
18848926,Moody Blues,India,Bhubaneshwar,324,4.5,"Chinese, Italian, Continental, Mexican, Arabian"
18753913,Biriyani King,India,Bhubaneshwar,559,3.9,Biryani
18285395,Biriyani Box,India,Bhubaneshwar,836,3.9,"Biryani, Hyderabadi, Rolls, Kebab"
2900232,Domino's Pizza,India,Bhubaneshwar,831,4.1,"Pizza, Fast Food"
2900222,KFC,India,Bhubaneshwar,957,4.0,"Burger, Fast Food"
2900793,JUGAAD JN.,India,Bhubaneshwar,499,4.2,Fast Food
2900658,Biggies Burger 'n' More,India,Bhubaneshwar,940,4.7,"Fast Food, Burger"
3000152,Cock Ra Co,India,Coimbatore,489,4.2,"North Indian, Chinese, South Indian"
3000214,Shahi Grill,India,Coimbatore,654,4.1,"Chettinad, North Indian, Chinese"
3001572,The French Door Cafe & Restaurant,India,Coimbatore,429,4.7,"Cafe, Continental, French, North Indian, European"
3002026,The Chocolate Room,India,Coimbatore,356,4.9,"Cafe, Desserts"
3001032,Burger Ka Baap,India,Coimbatore,816,4.9,"Fast Food, Burger"
3002715,Yugo,India,Coimbatore,450,4.3,Cafe
3000107,Haribhavanam,India,Coimbatore,685,4.3,"South Indian, Chettinad, North Indian"
18242351,Eleven 2 Eleven,India,Coimbatore,277,4.1,"Chinese, North Indian, Seafood, South Indian"
3002291,Dindigul Venu Biryani,India,Coimbatore,349,4.0,Biryani
3001315,Hotel Delhi Dharbarr,India,Coimbatore,444,4.0,"South Indian, Chinese, Biryani"
3000048,Barbeque Nation,India,Coimbatore,881,4.8,"North Indian, European, Mediterranean"
3000280,Denmarrk Drive-Inn Restaurant,India,Coimbatore,320,4.1,"North Indian, Chinese"
3000572,Sree Annapoorna Sree Gowrishankar,India,Coimbatore,229,4.4,"South Indian, Chinese, North Indian"
3000014,Sree Annapoorna Sree Gowrishankar,India,Coimbatore,427,4.6,"South Indian, North Indian, Chinese"
18671982,Zucca Pizzeria,India,Coimbatore,374,4.4,"Pizza, Fast Food"
18241403,Vaskas Biriyani,India,Coimbatore,482,3.8,"Biryani, Mughlai"
3000018,Dindigul Venu Biryani,India,Coimbatore,477,4.2,Biryani
3000251,Pizza Hut,India,Coimbatore,331,4.0,Pizza
3002287,The Slave's Restaurant,India,Coimbatore,236,4.2,"South Indian, Italian, American, Salad"
3000811,Shree Anandhaas,India,Coimbatore,239,4.5,"South Indian, North Indian, Chinese"
3100210,Ideal Cafe,India,Mangalore,855,4.6,"Ice Cream, South Indian, Fast Food, Beverages, Desserts"
3100196,Pabbas,India,Mangalore,1819,4.9,"Ice Cream, Desserts, Beverages, Fast Food"
3100302,Machali,India,Mangalore,1197,4.6,"Seafood, Mangalorean, South Indian"
3100753,Bamboo Restaurant,India,Mangalore,537,4.1,"Biryani, North Indian"
18656648,Waffee House,India,Mangalore,408,4.4,"Desserts, Beverages"
3100010,Diesel Cafe,India,Mangalore,543,4.3,"American, Italian, Pizza, Sandwich"
3100448,Spindrift,India,Mangalore,544,4.3,"Continental, Pizza, Italian, Steak, Thai, Finger Food"
3100924,Dinki Dine,India,Mangalore,315,4.2,"North Indian, Chinese, South Indian, Burger, Desserts, Beverages"
3100111,Tandoor,India,Mangalore,207,4.2,"Seafood, Mangalorean, North Indian, South Indian, Biryani"
3100044,Village Restaurant,India,Mangalore,633,4.2,"South Indian, Mangalorean, Arabian, Pizza, Biryani, Chinese, North Indian, Continental"
3100006,Ideal's,India,Mangalore,529,4.5,"Ice Cream, Desserts, Beverages"
3100159,Crave Desserts & Bakes,India,Mangalore,406,4.3,"Desserts, Bakery, Beverages"
3100845,Drnk Lab,India,Mangalore,206,3.9,"Cafe, Burger, Beverages, Fast Food"
3100134,Andhra House,India,Mangalore,300,4.0,"Biryani, Andhra, Chinese"
3100837,Food Junction,India,Mangalore,240,4.1,"Charcoal Chicken, Arabian, Mughlai, Burger, Chinese, North Indian, Beverages, Desserts"
3100169,The Old Prax,India,Mangalore,326,3.9,"Burger, Finger Food, Fast Food"
3100524,Brick House,India,Mangalore,309,4.1,"Continental, Chinese"
3100441,Barbeque Nation,India,Mangalore,1134,4.6,"North Indian, Chinese"
3100016,Royal Darbar,India,Mangalore,253,4.0,"Mughlai, Biryani, North Indian, Desserts, Beverages"
3100013,Hao Ming,India,Mangalore,565,4.0,"Chinese, Momos, Beverages"
18502212,Munchane,India,Vadodara,1502,4.3,"Pizza, Fast Food"
18409523,Jassi De Parathe,India,Vadodara,1664,4.7,North Indian
18767071,Day Night Vada Pav & Dabeli,India,Vadodara,491,4.5,Fast Food
3200244,Tasty Vada Pav,India,Vadodara,398,4.5,Street Food
3201876,Brown Burger Co,India,Vadodara,1043,4.3,"Salad, Healthy Food, Sandwich, Fast Food, Beverages, Burger, Pizza"
3200606,Santushti Shakes & More,India,Vadodara,597,4.5,"Beverages, Desserts"
3200477,Chhappanbhog Restaurant & Banquets,India,Vadodara,1236,3.8,"Gujarati, North Indian"
3200424,Domino's Pizza,India,Vadodara,1068,3.9,"Pizza, Fast Food"
3200981,Burger King,India,Vadodara,1326,4.1,"Burger, Fast Food"
3201787,Saladific,India,Vadodara,755,4.1,"Healthy Food, Salad, Juices, Sandwich, Fast Food"
3201965,Old School Eatery,India,Vadodara,570,4.8,"Fast Food, North Indian"
18461598,Amritsari Kulcha,India,Vadodara,497,4.6,Street Food
3200029,KFC,India,Vadodara,1073,4.2,"Burger, Fast Food"
3201461,Retro Bistro,India,Vadodara,649,4.4,"North Indian, Lebanese, Moroccan, Italian, Chinese, Continental, Mexican"
3200139,Hariyali Restaurant,India,Vadodara,570,4.2,North Indian
3200560,Mr Toasties,India,Vadodara,425,3.9,Fast Food
3200555,Shree Kathiyawadi Khadki,India,Vadodara,460,4.3,"Gujarati, Rajasthani"
3200298,Yo Frankie,India,Vadodara,301,4.3,Fast Food
3200665,Barbeque Nation,India,Vadodara,349,4.7,"Mughlai, North Indian"
3200857,Flavor Restaurant,India,Vadodara,854,4.0,"Gujarati, North Indian"
3300072,Dosa Plaza,India,Nagpur,778,4.0,"Chinese, Fast Food, South Indian"
18706194,Goosebumps,India,Nagpur,711,4.3,"Ice Cream, Bakery, Street Food, Chinese"
3301708,Plan B,India,Nagpur,311,4.5,"Burger, Salad, Sandwich, Fast Food, Beverages"
3300056,Barbecue Restaurant,India,Nagpur,1143,4.8,North Indian
3301462,Three Beans,India,Nagpur,626,4.4,"Cafe, Italian, Continental"
3300012,Mini Punjab,India,Nagpur,1800,3.6,"Chinese, North Indian, Mughlai"
18623894,Bouffage Cafe & Bistro,India,Nagpur,656,4.7,"Cafe, Continental, North Indian"
18748677,The Civil Kitchen,India,Nagpur,232,4.2,"Chinese, Sandwich, Fast Food, North Indian, Burger, Kebab, Mughlai, Desserts"
3300707,KFC,India,Nagpur,2101,4.2,"Burger, Fast Food"
3300958,Barbeque Nation,India,Nagpur,1274,4.9,"North Indian, Chinese, BBQ"
3301605,Roast Cafe,India,Nagpur,863,4.5,"Cafe, Roast Chicken, Fast Food, Wraps, Rolls, Kebab, Desserts"
18717585,Tanjore - Enter the Deccan,India,Nagpur,410,4.5,South Indian
3301200,Behrouz Biryani,India,Nagpur,675,4.1,Biryani
18394440,Uttar Dakshin by Naivedhyam,India,Nagpur,1340,4.8,"North Indian, South Indian"
3300011,Babbu Hotel,India,Nagpur,972,4.1,"North Indian, Biryani"
3300058,The Breakfast Story,India,Nagpur,1081,4.5,Cafe
3301013,Zaikart,India,Nagpur,1647,4.2,"North Indian, Mughlai, Chinese"
18795312,Juhi's Kitchen,India,Nagpur,253,4.7,North Indian
18664896,Burger Singh,India,Nagpur,661,4.1,"Fast Food, Burger"
3301766,Hunger's Den Restaurant & Cafe,India,Nagpur,563,4.1,"Chinese, Fast Food, North Indian"
18888066,Kiskey Whiskey,India,Agra,307,4.5,"North Indian, Continental, Chinese"
3401013,Bhagat Halwai,India,Agra,626,4.2,"Fast Food, Mithai"
3400299,Bikanervala,India,Agra,640,4.4,"North Indian, South Indian, Mithai, Street Food, Desserts"
3400290,Bhagat Halwai,India,Agra,553,4.3,"Desserts, Bakery, Fast Food, South Indian"
3400005,Mama Chicken Mama Franky House,India,Agra,893,4.3,"North Indian, Mughlai, Rolls, Chinese, Fast Food, Street Food"
3401344,Cafe Turquoise Cottage,India,Agra,292,4.7,"North Indian, Chinese, Continental, Italian, Pizza"
3400296,Honeydew Restaurant,India,Agra,484,4.1,"North Indian, Fast Food, Chinese, South Indian"
3400712,The Greener Side,India,Agra,408,4.4,Fast Food
18966639,Fakira,India,Agra,41,4.0,North Indian
3400275,Domino's Pizza,India,Agra,585,3.9,"Pizza, Fast Food"
3400425,Bikanervala,India,Agra,447,4.4,"North Indian, South Indian, Mithai, Street Food, Desserts"
3400868,Hichkee,India,Agra,581,4.4,"Continental, North Indian, Chinese"
3400850,Urban Deck,India,Agra,606,4.3,"Mexican, Italian, North Indian"
3400105,Pizza Hut,India,Agra,546,4.0,"Italian, Pizza"
3400279,Mc Donald's,India,Agra,644,4.2,"Burger, Fast Food"
3400017,Pinch Of Spice,India,Agra,860,4.5,"North Indian, Chinese, Mughlai"
3400282,Aahar,India,Agra,368,4.0,"North Indian, South Indian, Chinese, Bakery, Momos"
3400277,Pizza Hut,India,Agra,331,3.8,"Italian, Pizza"
3400326,Tea'se Me - Rooftop Tea Boutique,India,Agra,673,4.7,"Chinese, Italian, Continental, North Indian"
3400368,Domino's Pizza,India,Agra,475,3.8,"Pizza, Fast Food"
3500424,Gaylord Xpress,India,Dehradun,623,3.9,Fast Food
3500484,Kalsang AMA Cafe,India,Dehradun,800,4.9,Cafe
3500505,Barbeque Nation,India,Dehradun,620,4.8,"North Indian, Mediterranean, BBQ, Chinese"
3500218,Uss Da Dhaba,India,Dehradun,575,4.2,North Indian
3502144,Mannu Fast Food,India,Dehradun,315,4.3,"Fast Food, North Indian, Chinese"
3501639,70 Percent Restro Cafe,India,Dehradun,314,4.5,"Cafe, Italian, Continental, Healthy Food, Momos"
3500437,Walk In Woods,India,Dehradun,405,4.3,"North Indian, Pizza, Chinese, Mughlai"
18391854,Burger King,India,Dehradun,323,4.1,"Burger, Fast Food"
18754629,Domino's Pizza,India,Dehradun,393,3.8,"Pizza, Fast Food"
18408585,Punjab Grill,India,Dehradun,803,4.7,"Mughlai, North Indian"
3500017,Anandam,India,Dehradun,376,4.2,"Desserts, North Indian, Chinese, South Indian, Fast Food, Street Food"
3500250,Ellora's Melting Moments,India,Dehradun,309,4.3,"Desserts, Bakery, Fast Food"
3500078,Orchard,India,Dehradun,748,4.6,"Chinese, Tibetan, Thai, Momos"
3501364,Chicago BR,India,Dehradun,285,4.1,"North Indian, Fast Food, Pizza, Desserts"
3500193,KC Soup Bar,India,Dehradun,251,3.9,"Fast Food, Chinese, Tibetan, Momos"
18699236,Tuhada Dhaba,India,Dehradun,229,4.0,North Indian
3500011,Kalsang Friends Corner,India,Dehradun,813,4.4,"Chinese, Thai, Tibetan, Momos"
3500969,Cafe De Piccolo,India,Dehradun,382,4.3,"Cafe, Italian"
18416632,The Great Indian Pub,India,Dehradun,308,4.4,"North Indian, Italian, Finger Food"
3500010,Black Pepper Restaurant,India,Dehradun,421,4.1,"North Indian, Chinese, Continental"
3600012,Empire Restaurant,India,Mysore,2028,4.2,"North Indian, Mughlai, South Indian, Chinese, Andhra"
3600375,The Old House,India,Mysore,753,4.7,"Italian, Pizza"
3600017,Gufha Restaurant,India,Mysore,955,4.3,"North Indian, Biryani, Chinese"
3600065,Hotel RRR,India,Mysore,533,4.2,"Biryani, South Indian, Andhra"
3600122,Kafe Biryani Corner,India,Mysore,382,4.3,Biryani
3601144,Kapoor's Cafe,India,Mysore,282,4.3,"North Indian, Desserts, Beverages"
3600119,Big Chicken,India,Mysore,554,4.3,"North Indian, Chinese, Burger, Biryani, Arabian"
3600593,Frosting,India,Mysore,374,4.5,"Italian, Continental, Burger"
3600817,Etihad Arabian Restaurant,India,Mysore,314,4.1,"Arabian, Biryani"
3600352,Barbeque Nation,India,Mysore,812,4.6,"North Indian, European, Mediterranean"
3600389,Highway 18,India,Mysore,357,4.0,"South Indian, North Indian, Chinese, Desserts, Beverages"
3600018,KFC,India,Mysore,483,3.9,"Burger, Fast Food"
3600013,Green Leaf,India,Mysore,474,4.0,"North Indian, Chinese, South Indian, Bakery"
3600192,Spring - Radisson Blu Plaza,India,Mysore,284,4.4,"Continental, North Indian, South Indian"
3600015,Original Vinayaka Mylari,India,Mysore,814,4.8,South Indian
3600148,Andhra Ruchulu,India,Mysore,409,4.1,"Biryani, Desserts"
3600265,Jalpaan Dining Saga,India,Mysore,437,4.3,"Italian, North Indian, Chinese"
3600252,Hotel RRR Mysore,India,Mysore,528,4.1,Andhra
3600072,Nanking,India,Mysore,482,4.2,"Chinese, Momos, Thai"
3600403,Hotel Hanumanthu,India,Mysore,449,4.2,"Biryani, South Indian"
3700054,Cafe Xtasi,India,Puducherry,2617,3.9,"Italian, Pizza"
3700051,Cafe des Arts,India,Puducherry,818,3.9,Cafe
3700050,Baker Street,India,Puducherry,1548,4.4,"Bakery, French"
3700770,Escape In,India,Puducherry,725,4.1,"North Indian, Continental, Chinese, Arabian, BBQ, Beverages, Desserts, Ice Cream"
3700021,The Indian Kaffe Express,India,Puducherry,877,4.2,"Cafe, North Indian"
3701200,Les Saveurs,India,Puducherry,184,4.3,"French, European"
18378803,#Dilliwaala6,India,Puducherry,975,4.3,"Street Food, Continental, North Indian, Chinese, Salad, Finger Food"
3700049,Villa Shanti,India,Puducherry,1096,4.4,Continental
3700041,Zuka,India,Puducherry,1019,4.6,"Desserts, Bakery"
3701130,PY Cafe,India,Puducherry,201,4.2,"Salad, Cafe, Sandwich, Italian, Juices, Desserts"
3700572,Bread & Chocolate,India,Puducherry,378,4.7,"Bakery, Cafe, Healthy Food"
3700649,Taka Pizza,India,Puducherry,888,4.3,"Italian, Pizza"
3700069,Le Cafe,India,Puducherry,1436,3.3,Cafe
3700010,Auroville Bakery,India,Puducherry,431,4.2,Bakery
3700656,Margaritas,India,Puducherry,960,4.4,"Mexican, Continental, American, Desserts, Finger Food, Ice Cream, Juices, Salad"
3700037,Le Dupleix,India,Puducherry,846,4.2,"North Indian, French, Continental"
3700017,The Pasta Bar Veneto,India,Puducherry,623,4.0,"Healthy Food, Continental, Italian, Sandwich, Salad"
3700723,SICILYS,India,Puducherry,312,4.0,"Italian, Cafe, Burger, Pizza, Beverages"
3700047,Surguru,India,Puducherry,484,4.1,"South Indian, North Indian, Chinese"
3700009,Tanto,India,Puducherry,879,4.2,"Pizza, Italian"
3800420,Mahalakshmi,India,Surat,1229,4.6,"Fast Food, Juices"
18744566,Burger King,India,Surat,563,4.0,"Burger, Fast Food"
3800007,Barbeque Nation,India,Surat,622,4.7,"North Indian, European, Mediterranean"
3800321,Coffee King,India,Surat,755,4.6,"Cafe, Pizza, Italian, Fast Food, Chinese, Beverages, Desserts"
18589557,Vegji's,India,Surat,429,4.2,"Fast Food, Sandwich, Lebanese"
19003551,Icekraft,India,Surat,59,4.3,"Ice Cream, Desserts, Fast Food"
3800583,Kailash Sweets & Snacks,India,Surat,385,4.2,"Mithai, Street Food, Beverages"
3800696,Kailash Sweet & Snacks,India,Surat,399,4.4,"Street Food, Mithai, Beverages"
3800313,Bhai Bhai Omelette Center,India,Surat,594,4.6,Fast Food
18760674,Sarvottam Hotel,India,Surat,382,4.1,"North Indian, Chinese"
18551944,Coffee King,India,Surat,989,4.7,"Cafe, Desserts, Fast Food"
3800068,Jalaram Khichadi,India,Surat,261,4.1,"Gujarati, North Indian, Biryani, Beverages"
3800390,Singh Saaab Di Rasoi,India,Surat,380,4.3,"North Indian, Chinese, Biryani, Desserts, Beverages"
18349362,Harikrushna Restaurant,India,Surat,266,4.3,"Gujarati, North Indian, Biryani, Beverages"
18778476,Bismillah,India,Surat,197,4.2,"Beverages, North Indian"
18783529,Kailash Sweets & Snacks,India,Surat,275,4.3,"Mithai, Street Food, Beverages"
3800537,Mahesh Pav Bhaji,India,Surat,424,3.9,"South Indian, Street Food, Chinese, Desserts, Beverages"
3800017,Pizza Hut,India,Surat,598,4.0,"Pizza, Fast Food, Italian"
3800293,Kailash Sweets & Snacks,India,Surat,343,4.3,"Mithai, Street Food, Beverages"
3800690,Bismillah,India,Surat,366,4.4,"Beverages, North Indian"
3900223,Sha Chicken Hut,India,Varanasi,804,4.4,"Lucknowi, Mughlai"
18803653,KFC,India,Varanasi,462,4.5,"Burger, Fast Food"
3900067,Taste King,India,Varanasi,601,4.3,"North Indian, Fast Food"
18610032,Crood Square,India,Varanasi,249,4.3,"North Indian, Continental, Italian, Chinese, Desserts"
3900057,Ming Garden,India,Varanasi,735,4.3,"Beverages, Desserts, Pizza, Chinese"
3900045,Domino's Pizza,India,Varanasi,721,3.8,"Pizza, Fast Food"
3900253,Sagar Ratna,India,Varanasi,211,3.9,South Indian
3900267,Roma's Café Diner,India,Varanasi,877,4.6,"Continental, Cafe, North Indian, Italian, Asian, Mediterranean, Mexican"
18689916,The Yellow Chilli,India,Varanasi,108,4.4,"North Indian, Mughlai"
3900245,Deena Chat Bhandar,India,Varanasi,446,4.6,Street Food
18652184,Doodh Booth,India,Varanasi,427,4.0,"Burger, Beverages, Fast Food, Cafe, Italian"
3900135,Maharaja Restaurant,India,Varanasi,358,4.0,"Chinese, Rolls"
18787962,Cafe de Coop,India,Varanasi,140,4.2,Fast Food
3900032,Kashi Chat Bhandar,India,Varanasi,735,4.8,Street Food
3900455,The Tripling Bistro,India,Varanasi,316,4.1,"Continental, Mexican, Burger, Fast Food, Italian, Pizza, Chinese, Middle Eastern"
3900037,Pizza Hut,India,Varanasi,444,3.9,"Italian, Pizza"
3900138,McDonald's,India,Varanasi,414,4.1,"Burger, Fast Food"
3900266,Holy Chopsticks,India,Varanasi,445,4.5,"Chinese, Thai, Momos"
18676368,Barbeque Nation,India,Varanasi,370,4.9,"North Indian, Chinese, BBQ"
3900043,Domino's Pizza,India,Varanasi,452,3.9,"Pizza, Fast Food"
4000412,Aasman,India,Patna,846,4.8,"North Indian, Continental, Chinese"
18640853,Foresto Paradise,India,Patna,593,4.7,"North Indian, Chinese, Continental"
4000320,Haldiram,India,Patna,833,4.5,"Fast Food, North Indian, South Indian, Chinese, Desserts"
4000265,Harilal's,India,Patna,416,4.5,"North Indian, Fast Food, Mithai"
18343124,Swaaddesh,India,Patna,703,4.4,"North Indian, Chinese, Beverages"
4000274,KFC,India,Patna,698,4.3,"Burger, Fast Food"
18746152,Hungry Hope,India,Patna,522,3.6,"North Indian, Chinese"
4000009,Domino's Pizza,India,Patna,1216,4.0,"Pizza, Fast Food"
4000289,The Biryani Mall,India,Patna,855,4.0,"Biryani, Mughlai, Chinese"
18625991,Barbeque Nation,India,Patna,633,4.9,"North Indian, Chinese"
4000018,Kapil Dev's Eleven,India,Patna,376,4.4,"North Indian, Chinese, Continental"
4000016,Bansi Vihar Restaurant,India,Patna,444,4.4,"South Indian, Chinese"
18573326,Biryani Mahal,India,Patna,752,4.1,"Biryani, Mughlai"
18705092,Harilal's,India,Patna,557,4.2,"Mithai, Fast Food"
18706220,Zaaffran,India,Patna,393,4.4,"North Indian, Fast Food"
4000336,Pizza Hut,India,Patna,431,2.5,"Pizza, Italian"
4000015,Nirvana,India,Patna,432,4.3,"North Indian, Chinese"
4000053,Biryani House,India,Patna,734,4.0,"Biryani, Mughlai"
18616231,Chaska The Addiction,India,Patna,528,3.9,"North Indian, Mughlai, Chinese, Biryani"
4000049,Lakhu Da Dhaba,India,Patna,459,3.9,"North Indian, Chinese"
18560275,Barbeque Nation,UAE,Dubai,1212,4.6,"Indian, BBQ, Continental"
18534988,Masala Wok,UAE,Dubai,1100,4.3,"Indian, Chinese, Kebab"
210139,Grub Shack,UAE,Dubai,1735,4.4,"Goan, Chinese, Indian, North Indian"
201693,Dhaba Lane,UAE,Dubai,1233,4.4,"Indian, North Indian, Kebab"
209723,Azkadenya,UAE,Dubai,660,4.3,"Arabian, Lebanese"
18621395,Highway 311 Grills and Eatery,UAE,Dubai,458,4.5,"Mexican, Peruvian, Latin American"
207770,Mint Leaf of London,UAE,Dubai,2092,4.9,"Indian, North Indian, Contemporary"
209748,Kulcha King,UAE,Dubai,1157,4.1,"Indian, Biryani, Kebab, North Indian"
205432,Old Castello Restaurant & Cafe,UAE,Dubai,525,4.4,"Indian, Arabian, Middle Eastern, Italian, Pizza"
18549283,Sthan,UAE,Dubai,1591,4.2,"Biryani, North Indian, Pakistani, Mughlai, Afghan, Indian, Kebab"
200376,California Pizza Kitchen,UAE,Dubai,1244,4.2,"Pizza, American"
203518,The Huddle Sports Bar and Grill - Citymax Hotels Bur Dubai,UAE,Dubai,1492,4.9,"Steak, Continental, North Indian"
18233284,Farzi Cafe,UAE,Dubai,2095,4.6,"Indian, Contemporary"
18604803,Dillicious,UAE,Dubai,900,4.0,"Indian, Mughlai, North Indian, Kebab"
18650045,Tamarind Terrace,UAE,Dubai,875,4.0,"Kerala, South Indian, Indian"
18820043,Biryaniwalla & Co,UAE,Dubai,535,3.9,"Biryani, Hyderabadi, North Indian"
210370,Texas De Brazil,UAE,Dubai,1301,4.8,Brazilian
18259525,Real Momos,UAE,Dubai,885,3.7,"Chinese, Asian, Street Food"
209654,Rasoi Ghar,UAE,Dubai,2600,4.6,"Indian, Gujarati, Rajasthani"
200377,California Pizza Kitchen,UAE,Dubai,1198,4.3,"Pizza, American"
18485435,The Curry Culture,Singapore,Singapore,80,4.9,"Continental, Indian, Asian"
18483420,Burnt Ends,Singapore,Singapore,37,4.7,"American, European, Australian, Steak"
18482848,Singapore Zam Zam Restaurant,Singapore,Singapore,75,4.7,"South Indian, Singaporean, Middle Eastern, Indian"
18496115,Komala Vilas Restaurant,Singapore,Singapore,100,4.7,"Indian, North Indian, South Indian"
18482886,Corner House,Singapore,Singapore,25,4.9,"Continental, French"
18484349,Cut By Wolfgang Puck,Singapore,Singapore,52,4.9,"American, Steak"
18483222,Jaan,Singapore,Singapore,30,4.7,French
18484299,Melt Cafe,Singapore,Singapore,31,4.8,"Singaporean, European, Seafood, Indian, Japanese, Continental"
18483051,Summer Pavilion,Singapore,Singapore,28,4.8,"Chinese, Seafood, Cantonese, Dim Sum"
18483372,Sky On 57,Singapore,Singapore,32,4.8,"Chinese, Continental, Singaporean"
18483595,Edge,Singapore,Singapore,19,4.5,"Chinese, Thai, Japanese, Italian"
18485564,Wild Honey,Singapore,Singapore,72,4.9,"European, Spanish, American, Cafe"
18485572,Carousel,Singapore,Singapore,25,4.6,"Mediterranean, Asian, Japanese, Sushi, Seafood, French"
18483714,Fratini La Trattoria,Singapore,Singapore,21,4.8,Italian
18483374,My Awesome Cafe,Singapore,Singapore,23,4.9,"Continental, European"
18483658,Basilico,Singapore,Singapore,25,4.8,Italian
18484464,Colony,Singapore,Singapore,45,4.9,"Asian, Continental, Seafood, Bakery"
18483362,Adrift By David Myers,Singapore,Singapore,20,4.6,"American, Asian, Continental, Fusion"
18493989,Makansutra Gluttons Bay,Singapore,Singapore,41,4.7,"Singaporean, Chinese, Seafood, Malay, Indian"
18494038,Peach Blossoms,Singapore,Singapore,13,4.0,"Singaporean, Chinese, Dim Sum, Healthy Food, Seafood, Cantonese"
5603572,Ushna,UAE,Sharjah,166,4.4,"Indian, North Indian"
5601340,Aroos Damascus,UAE,Sharjah,1036,4.4,"Arabian, Middle Eastern"
5600642,Katis Restaurant,UAE,Sharjah,644,4.1,"North Indian, Chinese, Hyderabadi"
5604236,Malabar Regency,UAE,Sharjah,182,3.7,"Indian, Arabian, Middle Eastern"
5602586,Saffron,UAE,Sharjah,732,4.1,"Pakistani, Chinese, Indian, Afghan"
18386634,Momo House,UAE,Sharjah,877,4.6,"Chinese, Indian, Nepalese"
5603322,Khanji,UAE,Sharjah,475,3.9,"Pakistani, Indian, Chinese"
5603447,Eat Route,UAE,Sharjah,574,4.6,"Fast Food, Burger, American"
5602215,Makani Restaurant,UAE,Sharjah,651,4.5,"Indian, North Indian, Mughlai"
5600103,Najmat Lahore Restaurant,UAE,Sharjah,1158,4.1,"Pakistani, Indian, Mughlai, Desserts"
5602106,Papa Murphy's Pizza,UAE,Sharjah,486,4.1,"Pizza, Italian"
5601628,Laffah Cafeteria - كافتيريا لفاح,UAE,Sharjah,737,4.6,"Fast Food, Arabian, Middle Eastern"
18268134,Zaroob,UAE,Sharjah,297,4.1,Lebanese
5600959,Nayaab Haandi,UAE,Sharjah,970,4.3,"Pakistani, Indian"
5603697,Al Miqat,UAE,Sharjah,186,4.2,"Indian, Seafood, Pakistani, Grill"
5601952,Delhi Nihari Restaurant,UAE,Sharjah,613,3.7,"Mughlai, Indian, Pakistani"
5601723,The Pizza Company,UAE,Sharjah,727,4.4,Pizza
5600556,TGI Fridays,UAE,Sharjah,582,4.0,"American, Mexican"
5601606,Shakespeare and Co. - شكسبير اند كو,UAE,Sharjah,378,4.6,"Cafe, Bakery"
5604675,Molten Chocolate Cafe,UAE,Sharjah,116,4.9,Cafe
5701885,Max's Restaurant,UAE,Abu Dhabi,1625,4.9,Filipino
18403563,Texas de Brazil,UAE,Abu Dhabi,541,4.9,Brazilian
5702615,Via Delhi,UAE,Abu Dhabi,1148,4.3,"Indian, North Indian, Chinese"
18340151,Famous Dave's Barbecue,UAE,Abu Dhabi,458,4.6,"Burger, American, Steak"
5702148,Nando's,UAE,Abu Dhabi,684,4.2,"Portuguese, African"
18431870,Parivar Restaurant,UAE,Abu Dhabi,601,4.1,"Indian, Pakistani"
5702574,The Cheesecake Factory,UAE,Abu Dhabi,974,4.7,"American, Desserts, Salad"
5701978,Pizza Di Rocco,UAE,Abu Dhabi,972,4.7,"Italian, Pizza"
5702150,Papa Murphy's Pizza- World Trade Center Mall,UAE,Abu Dhabi,779,3.9,Pizza
5704255,Famous Dave's Barbecue,UAE,Abu Dhabi,798,4.6,"Burger, American, Steak"
5700119,India Palace,UAE,Abu Dhabi,546,4.0,"North Indian, Mughlai, Biryani, Indian"
5701025,India Palace,UAE,Abu Dhabi,481,4.4,"North Indian, Mughlai, Biryani, Indian"
5704202,Hot Palayok,UAE,Abu Dhabi,829,4.5,Filipino
18493509,MYNT Indian Cuisine,UAE,Abu Dhabi,411,4.5,Indian
18212135,Denny's,UAE,Abu Dhabi,762,4.6,American
5701442,Peppermill,UAE,Abu Dhabi,633,4.3,"Indian, North Indian, Mughlai, Biryani"
5702990,Jazz@PizzaExpress,UAE,Abu Dhabi,1374,4.8,"Italian, Pizza, Salad"
18277098,Ming's Chamber,UAE,Abu Dhabi,657,4.8,Asian
5702486,Ghee Rice,UAE,Abu Dhabi,693,3.9,"Indian, Kerala, Biryani"
18340175,The Yellow Chilli by Sanjeev Kapoor,UAE,Abu Dhabi,670,4.3,"Indian, North Indian"
5800678,Harbour Court - The Kingsbury,Sri Lanka,Colombo,174,4.4,"Italian, Seafood, Desserts"
5801085,Tea Avenue,Sri Lanka,Colombo,335,4.5,Cafe
5800240,The Gallery Cafe,Sri Lanka,Colombo,242,4.7,"Sri Lankan, Italian, Seafood, Desserts"
5800710,The Manhattan Fish Market,Sri Lanka,Colombo,285,4.3,"Seafood, Italian"
5800224,Sugar Bistro and Wine Bar,Sri Lanka,Colombo,172,4.4,"Cafe, American, Continental"
5800746,T.G.I. Friday's,Sri Lanka,Colombo,233,4.3,"American, Steak"
5800011,The Bavarian,Sri Lanka,Colombo,211,4.6,German
5800707,The Barnesbury,Sri Lanka,Colombo,291,4.2,"American, Italian, Cafe"
5800646,Coco Veranda,Sri Lanka,Colombo,181,4.2,"American, Cafe"
5800066,Java Lounge,Sri Lanka,Colombo,141,4.1,"Cafe, Italian, Fast Food"
5800634,Elite Indian Restaurant,Sri Lanka,Colombo,315,2.6,"North Indian, Chinese, Sri Lankan"
5800180,Cafe On The 5th,Sri Lanka,Colombo,224,4.0,Sri Lankan
5800947,The English Cake Company - The Cakery,Sri Lanka,Colombo,114,4.1,"Desserts, Bakery"
5801131,Indian Summer,Sri Lanka,Colombo,187,4.3,"Indian, Chinese"
5800590,The Commons,Sri Lanka,Colombo,303,4.2,"Cafe, Sri Lankan, Continental, American"
5800536,The Mango Tree,Sri Lanka,Colombo,167,3.9,"North Indian, Mughlai"
5800891,The Paddington,Sri Lanka,Colombo,136,3.8,"Cafe, Italian"
5800289,The Coffee Bean & Tea Leaf,Sri Lanka,Colombo,161,4.2,Cafe
5800755,Upali's,Sri Lanka,Colombo,211,4.3,Sri Lankan
5800612,Burger's King,Sri Lanka,Colombo,237,4.0,Fast Food
18286221,Sarıhan,Turkey,İstanbul,500,4.4,"Giblets, Izgara, Home-made"
5915530,Nusr-Et Steakhouse,Turkey,İstanbul,1990,4.6,Steak
18264711,Ercan Steakhouse,Turkey,İstanbul,503,4.1,Steak
5926083,Joker No:19,Turkey,İstanbul,925,4.4,"Bar Food, Restaurant Cafe"
18453909,Asuman,Turkey,İstanbul,861,4.6,Desserts
18140481,Mendel's,Turkey,İstanbul,1424,4.7,"Desserts, Cafe"
5916219,Biber Burger,Turkey,İstanbul,1580,4.6,Burger
5916870,Kukis,Turkey,İstanbul,899,4.9,"Patisserie, Cafe, Turkish"
5902117,Valonia,Turkey,İstanbul,1871,4.3,"Restaurant Cafe, Desserts"
5915409,Eleos Restaurant,Turkey,İstanbul,1154,4.9,"Greek, Fresh Fish, Old Turkish Bars"
5906444,Tarihi Viktor Levi Şarap Evi,Turkey,İstanbul,1177,4.6,World Cuisine
5915054,Baltazar,Turkey,İstanbul,2015,4.2,"Burger, Izgara"
5913508,Katibim,Turkey,İstanbul,1141,4.2,"Restaurant Cafe, Kebab, Turkish Pizza"
18140482,BeerHall,Turkey,İstanbul,1108,4.1,"Finger Food, American"
18384475,Happy Moon's,Turkey,İstanbul,503,4.4,World Cuisine
5908749,Ceviz Ağacı,Turkey,İstanbul,1693,4.3,"World Cuisine, Patisserie, Cafe"
5906931,My Chef,Turkey,İstanbul,1252,4.4,"World Cuisine, Cafe"
5904851,Limonlu Bahçe,Turkey,İstanbul,1645,4.5,Restaurant Cafe
18089353,Mükellef,Turkey,İstanbul,946,4.4,"Old Turkish Bars, Turkish"
5923535,Boon Cafe & Restaurant,Turkey,İstanbul,1160,4.2,Restaurant Cafe
6000482,Mersinli Ciğerci Apo,Turkey,Ankara,360,4.5,"Izgara, Giblets, Kebab"
6001317,Cafe Des Cafes,Turkey,Ankara,237,4.7,"Cafe, World Cuisine"
6005865,The Italian Cut Pizza & Kitchen,Turkey,Ankara,261,4.6,Pizza
6000447,Masabaşı Kebapçısı,Turkey,Ankara,360,4.6,"Kebab, Turkish Pizza"
6000168,Hattena Hatay  Sofrası,Turkey,Ankara,343,4.8,Kebab
6002297,Trilye,Turkey,Ankara,186,4.9,"Fresh Fish, Seafood"
6000871,Çukurağa Sofrası,Turkey,Ankara,450,4.5,"Kebab, Izgara"
6003858,Quick China,Turkey,Ankara,107,4.5,"Chinese, Thai, Sushi, Japanese, Asian"
6004408,Turta Home Cafe,Turkey,Ankara,256,4.4,"Cafe, Desserts"
6000185,La Gioia Cafe Brasserie,Turkey,Ankara,154,4.7,"Italian, European"
6001980,Timboo Cafe,Turkey,Ankara,234,4.3,Cafe
6001545,Cafe Botanica,Turkey,Ankara,227,4.5,"Restaurant Cafe, Cafe"
6000409,Cafemiz,Turkey,Ankara,199,4.5,"World Cuisine, Mexican, Italian"
6002025,Masabaşı,Turkey,Ankara,248,4.4,"Kebab, Turkish Pizza"
6001748,Meşhur Özçelik Aspava,Turkey,Ankara,222,4.7,"Kebab, Turkish Pizza"
6005539,Zaytung Zone,Turkey,Ankara,151,3.9,Restaurant Cafe
6000019,Nusr-Et Steakhouse,Turkey,Ankara,229,4.4,Steak
6000921,Düveroğlu,Turkey,Ankara,242,4.3,"Kebab, Desserts, Turkish Pizza"
6007004,Müslüm Kebap,Turkey,Ankara,178,4.6,Kebab
6000549,Meşhur Tavacı Recep Usta,Turkey,Ankara,299,4.6,Kebab
6114829,Duck & Waffle,United Kingdom,London,834,4.9,British
6107336,Sushi Samba,United Kingdom,London,484,4.9,"Japanese, Sushi, Brazilian, Peruvian"
6113857,sketch Gallery,United Kingdom,London,211,4.8,"British, Contemporary"
6104220,Roti Chai,United Kingdom,London,365,4.7,"Indian, Street Food"
6103211,Dishoom,United Kingdom,London,1023,4.9,"Indian, North Indian, Curry, Cafe"
6104649,Honest Burgers,United Kingdom,London,368,4.6,Burger
6100054,Masala Zone,United Kingdom,London,313,4.5,"Indian, Curry"
6104639,Bob Bob Ricard,United Kingdom,London,387,4.8,"British, Russian"
6107493,Tayyabs,United Kingdom,London,759,4.5,"North Indian, Indian, Pakistani, Curry"
6117859,Shake Shack,United Kingdom,London,541,4.2,"American, Burger"
6113835,Dinner By Heston Blumenthal - Mandarin Oriental Hyde Park,United Kingdom,London,595,4.9,British
6105938,Patty & Bun,United Kingdom,London,496,4.8,"Burger, British"
6102622,Burger & Lobster,United Kingdom,London,450,4.8,"American, Seafood, Burger"
6116783,Aqua Shard,United Kingdom,London,238,4.4,British
6102866,Hakkasan,United Kingdom,London,425,4.9,"Chinese, Dim Sum"
6112889,MEATliquor,United Kingdom,London,614,4.6,"American, Burger"
6116563,Chotto Matte,United Kingdom,London,361,4.9,"Japanese, Peruvian, Sushi"
6103922,Dishoom,United Kingdom,London,336,4.7,"Indian, Cafe, Curry"
6100354,Busaba Eathai,United Kingdom,London,499,4.6,"Thai, Curry"
6103902,Yauatcha,United Kingdom,London,805,4.8,"Chinese, Dim Sum"
18455788,Zaitoon Restaurant & Grills,Qatar,Doha,925,4.4,"Indian, Chinese, Arabian, Fast Food, Kebab, Middle Eastern"
6202987,Max's Restaurant,Qatar,Doha,452,4.8,Filipino
18397873,Hasan Kolcuoğlu,Qatar,Doha,1156,4.8,Turkish
18425886,Hasan Kolcuoğlu,Qatar,Doha,591,4.4,Turkish
18318801,Roti & Boti,Qatar,Doha,1361,4.1,Indian
18187643,Max's Restaurant,Qatar,Doha,450,4.9,Filipino
18722599,Kairali Al Tanoor,Qatar,Doha,319,4.2,"North Indian, Kerala, Chinese, Mangalorean, Continental, Indian, Seafood, South Indian"
18107765,Zaffran Dining Experience,Qatar,Doha,685,4.5,Indian
6200733,Carluccio's - كارلوتشيوز,Qatar,Doha,424,4.2,Italian
18439782,Carluccio's - كارلوتشيوز,Qatar,Doha,381,4.7,Italian
6201346,Zaffran Café,Qatar,Doha,487,4.4,"Indian, Street Food, Desserts"
6201334,Chi'Zen - تشي زين,Qatar,Doha,345,4.5,"Chinese, Asian"
6200166,Wok of Fame,Qatar,Doha,978,4.5,"Arabian, Asian, Continental"
6201309,MRA Bakery Sweets & Restaurant,Qatar,Doha,631,4.0,"Kerala, Indian, Chinese, Bakery, South Indian, North Indian, Desserts"
6200383,Applebee's - ابل بيز,Qatar,Doha,424,4.3,"American, Tex-Mex, Burger"
6200110,Aalishan,Qatar,Doha,464,4.0,"North Indian, Chinese, Turkish"
18626843,Desi Dhaba Restaurant ,Qatar,Doha,561,4.2,"North Indian, Chinese"
6201323,Yee Hwa,Qatar,Doha,479,4.6,"Korean, Japanese, Sushi"
6200412,Turkey Central Restaurant - مطعم تركيا المركزي,Qatar,Doha,743,4.5,Turkish
6201976,Indian Coffee House,Qatar,Doha,608,3.8,Indian
18451647,Soru Izakaya,Phillipines,Quezon City,878,4.6,Japanese
18245912,Sunnies Cafe,Phillipines,Taguig City,546,4.2,Coffee
6310488,Saboten,Phillipines,Taguig City,637,4.8,"Japanese, Asian"
18506282,Sibyullee,Phillipines,Pasig City,645,4.7,Korean
18684182,Soru Izakaya,Phillipines,Taguig City,544,4.5,Japanese
18641526,PizzaExpress,Phillipines,Taguig City,268,4.8,"Pizza, Italian"
6318945,Nikkei,Phillipines,Makati City,394,4.6,"Japanese, Latin American"
6316125,Mendokoro Ramenba,Phillipines,Makati City,1832,4.9,"Japanese, Ramen"
6313941,Chelsea Kitchen,Phillipines,Mandaluyong City,598,4.1,"European, Desserts"
18695427,Mendokoro Ramenba,Phillipines,Taguig City,490,4.9,"Japanese, Ramen"
18278135,Sunnies Cafe,Phillipines,Mandaluyong City,326,3.9,Coffee
18594729,Nikkei,Phillipines,Mandaluyong City,312,4.8,"Japanese, Latin American"
6304287,Izakaya Kikufuji,Phillipines,Makati City,1293,4.6,Japanese
18409457,Soban K-Town Grill,Phillipines,Makati City,935,4.7,"Korean, Grill"
6318506,Ooma,Phillipines,Mandaluyong City,1167,4.9,"Japanese, Sushi"
18376891,Single Origin,Phillipines,Makati City,273,4.4,"Coffee, American, European"
6314147,Va Bene Pasta Deli,Phillipines,Taguig City,352,4.5,"European, Italian"
6316532,Mama Lou's Italian Kitchen,Phillipines,Quezon City,631,4.5,Italian
6300010,Spiral - Sofitel Philippine Plaza Manila,Phillipines,Pasay City,1228,4.9,"European, Asian, Indian"
18643656,Nomi - Modern Japanese Cafe,Phillipines,Taguig City,287,4.3,"Coffee, Japanese"
6403544,Jarryds,South Africa,Cape Town,535,4.8,"Cafe, Burger"
6400918,Cape to Cuba,South Africa,Cape Town,215,3.7,Cuban
6400217,Willoughby & Co.,South Africa,Cape Town,633,4.6,"Seafood, Japanese, Sushi"
6401789,tashas,South Africa,Cape Town,476,4.3,"Cafe, Mediterranean"
6403030,La Colombe,South Africa,Cape Town,175,4.9,"French, Asian"
6400304,Eastern Food Bazaar,South Africa,Cape Town,436,4.0,"Asian, Indian"
6401054,Kloof Street House,South Africa,Cape Town,519,4.7,Mediterranean
6400078,Nuri Sushi Factory,South Africa,Cape Town,472,4.2,"Japanese, Sushi"
6402904,The Larder,South Africa,Cape Town,180,4.2,"Cafe, Deli, Bakery, Burger, Desserts, Healthy Food, Juices"
6402177,Salushi,South Africa,Cape Town,314,4.2,"Japanese, Sushi, Asian"
18337822,Burger & Lobster,South Africa,Cape Town,281,4.5,"Seafood, Burger"
6400191,Beluga,South Africa,Cape Town,705,4.1,"Seafood, Asian, Grill, Sushi"
6400392,The Cousins Trattoria,South Africa,Cape Town,204,4.7,Italian
6400175,The Fat Cactus,South Africa,Cape Town,434,4.2,"Mexican, Finger Food, Tex-Mex"
6400097,Balducci,South Africa,Cape Town,266,4.0,"Italian, Sushi, Pizza"
18337855,Three Wise Monkeys,South Africa,Cape Town,134,4.1,"Japanese, Asian"
6400176,Sevruga,South Africa,Cape Town,560,4.2,"Seafood, Grill, Japanese, Asian, Sushi"
6401314,The Potluck Club,South Africa,Cape Town,428,4.9,"European, Contemporary"
6400212,Meloncino,South Africa,Cape Town,185,3.9,"Italian, Pizza"
6401060,Jason Bakery,South Africa,Cape Town,347,4.4,"Cafe, Bakery"
6502134,The Whippet,South Africa,Randburg,822,4.6,Cafe
18767581,Saint,South Africa,Sandton,173,3.9,Italian
6517396,Momo Baohaus,South Africa,Johannesburg,542,4.6,"Asian, Sushi, Tapas"
18204217,Gemelli Cucina Bar,South Africa,Sandton,993,4.9,"Contemporary, Italian"
6517568,Jamie's Italian,South Africa,Sandton,711,4.2,Italian
6502688,Craft,South Africa,Johannesburg,1462,4.2,"European, Pizza"
6517281,Pablo Eggs-Go-Bar,South Africa,Johannesburg,412,4.5,"Cafe, Contemporary, Beverages, Burger, Desserts, Juices, Grill, African"
6516831,The Big Mouth,South Africa,Sandton,731,4.6,"Grill, Steak, Burger, Sushi, Tapas"
6517298,Kream,South Africa,Midrand,363,4.6,"South African, Contemporary, Sushi, International, African, French"
6501030,The Foundry,South Africa,Johannesburg,852,4.4,"Contemporary, Burger, Pizza"
6515339,Cafe Del Sol Botanico,South Africa,Sandton,656,4.7,"Italian, Pizza, Beverages, Desserts, Grill, Seafood"
6500789,The Green Peppercorn,South Africa,Sandton,735,4.4,"African, Mediterranean, Contemporary"
6515130,Hudsons,South Africa,Johannesburg,1098,4.2,"Burger, Finger Food, Pizza"
6501265,Dukes Burgers,South Africa,Johannesburg,952,4.5,Burger
6502130,Coobs,South Africa,Johannesburg,550,4.4,"Cafe, European, Continental"
6501365,Wombles,South Africa,Sandton,648,4.8,"Steak, Beverages, Desserts, Grill, Seafood"
6502041,KCC La Vie En Rose,South Africa,Johannesburg,681,4.3,"Contemporary, Cafe"
6500359,JB's Corner,South Africa,Sandton,557,4.1,"Italian, American, Sushi, Pizza"
6501169,Walnut Grove,South Africa,Sandton,617,4.2,"Cafe, Continental"
6501055,DW Eleven-13,South Africa,Sandton,635,4.9,European
6600440,Nau,Brazil,Brasília,9,3.9,Seafood
6601218,New Koto,Brazil,Brasília,9,4.1,Japanese
6601862,Taypá,Brazil,Brasília,11,4.0,"Peruvian, Latin American"
6601589,Coco Bambu,Brazil,Brasília,19,4.3,International
6601457,Brazilian American Burgers,Brazil,Brasília,11,3.9,"American, Burger"
6600214,Beirute,Brazil,Brasília,9,3.8,Arabian
6601549,It Speed Lunch,Brazil,Brasília,8,3.7,"Grill, Brazilian"
6601602,Taco Pep,Brazil,Brasília,31,4.5,"Mexican, Grill"
6600754,Carcassone,Brazil,Brasília,3,0.0,Bar Food
6600083,Villa Tevere,Brazil,Brasília,14,4.2,Italian
6600611,Fred,Brazil,Brasília,6,3.7,German
6601595,Outback Steakhouse,Brazil,Brasília,12,4.3,"American, Grill"
6600542,Avenida Paulista,Brazil,Brasília,0,0.0,"Italian, Pizza"
6601145,Bierfass Pontão,Brazil,Brasília,11,3.7,"Brazilian, Seafood"
6600879,Babel,Brazil,Brasília,5,2.8,Healthy Food
6600379,Sushi Loko,Brazil,Brasília,12,2.9,Japanese
6601158,Manzuá,Brazil,Brasília,7,3.4,Seafood
6600963,La Chaumière,Brazil,Brasília,4,3.3,French
6601005,Café Daniel Briand,Brazil,Brasília,12,3.9,Cafe
6600116,Gero,Brazil,Brasília,9,3.5,Italian
6703405,Porque Sim,Brazil,São Paulo,20,4.3,"Japanese, Sushi"
6709740,Mocotó,Brazil,São Paulo,30,4.8,"Brazilian, North Eastern"
6700992,La Tambouille,Brazil,São Paulo,5,4.0,"French, Italian, Brazilian"
6712911,Coco Bambú,Brazil,São Paulo,39,4.4,Seafood
6701071,Z Deli Sandwich Shop,Brazil,São Paulo,35,4.9,"Burger, Sandwich"
6711666,Kinoshita,Brazil,São Paulo,11,4.2,Sushi
6712917,Coco Bambú,Brazil,São Paulo,24,4.0,Seafood
6709580,Esquina Mocotó,Brazil,São Paulo,21,4.5,"Brazilian, North Eastern"
6713772,Sainte Marie Gastronomia,Brazil,São Paulo,15,4.3,"Lebanese, Arabian"
6715930,Tanit,Brazil,São Paulo,5,3.4,"Spanish, Tapas"
6701853,Vicolo Nostro,Brazil,São Paulo,6,3.8,Italian
6715715,A Casa do Porco,Brazil,São Paulo,17,4.3,Bar Food
6700410,Tatini,Brazil,São Paulo,3,3.7,Italian
6702013,Jam,Brazil,São Paulo,11,4.1,"Sushi, Japanese"
6702374,Fasano - Hotel Fasano,Brazil,São Paulo,12,4.2,International
6712927,D.O.M.,Brazil,São Paulo,23,4.8,"Contemporary, Brazilian"
6715789,Djapa,Brazil,São Paulo,6,3.6,"Japanese, Sushi"
6701049,Bistrot de Paris,Brazil,São Paulo,8,4.0,French
6715851,Fleming’s Prime Steakhouse & Wine Bar,Brazil,São Paulo,5,3.8,Steak
6713209,Agello Cucina,Brazil,São Paulo,2,3.4,Italian
6801374,Solita,United Kingdom,Manchester,138,4.9,"American, Burger, Grill"
6800878,The Alchemist,United Kingdom,Manchester,34,4.0,"European, Contemporary"
17855562,Tattu Restaurant and Bar,United Kingdom,Manchester,19,3.5,Chinese
6801293,Hard Rock Cafe,United Kingdom,Manchester,64,4.3,American
6801900,Evuna Bar & Restaurant,United Kingdom,Manchester,6,3.4,"Spanish, Tapas"
6800908,Mughli,United Kingdom,Manchester,84,4.6,"Indian, Curry"
18253075,Yard & Coop,United Kingdom,Manchester,10,3.4,"American, British"
6800678,Lahore,United Kingdom,Manchester,46,3.9,"Indian, Grill"
6801329,Home Sweet Home,United Kingdom,Manchester,80,4.3,"British, Burger, Cafe"
6801386,Cafe North,United Kingdom,Manchester,11,3.7,Cafe
6800759,The Grill on New York Street,United Kingdom,Manchester,28,3.8,"British, Mexican, Seafood"
6801039,San Carlo,United Kingdom,Manchester,187,4.4,Italian
6800235,The Grill On The Alley,United Kingdom,Manchester,171,4.6,"Steak, Seafood, Grill"
6800593,Zouk Tea Bar & Grill,United Kingdom,Manchester,69,3.8,"Indian, Seafood"
6801827,Umezushi,United Kingdom,Manchester,26,4.1,Japanese
6800782,The French by Simon Rogan - The Midland,United Kingdom,Manchester,69,4.5,French
6801867,Manchester House,United Kingdom,Manchester,45,4.2,British
6801984,Ibérica,United Kingdom,Manchester,17,3.9,"Spanish, Tapas"
17855602,Turtle Bay,United Kingdom,Manchester,8,3.5,Caribbean
6801884,Pieminister,United Kingdom,Manchester,14,3.7,Bakery
6901318,Adam's Restaurant,United Kingdom,Birmingham,74,4.3,Continental
6900674,Purnell's,United Kingdom,Birmingham,70,4.6,Contemporary
6900050,Jamie's Italian,United Kingdom,Birmingham,35,4.0,Italian
6900669,Fiesta del Asado,United Kingdom,Birmingham,26,4.1,"Latin American, Italian"
6900078,Jimmy Spices,United Kingdom,Birmingham,53,4.1,"Indian, Middle Eastern, Chinese, American, European"
6900224,Chaophraya,United Kingdom,Birmingham,19,4.0,Thai
6900883,Ju Ju's Cafe,United Kingdom,Birmingham,12,3.8,"Cafe, British"
6900374,Bank,United Kingdom,Birmingham,52,4.1,"British, Steak"
6901062,The Warehouse Cafe,United Kingdom,Birmingham,10,3.9,"British, Cafe"
6900724,Bodega,United Kingdom,Birmingham,34,4.8,Latin American
6900388,Lasan Restaurant,United Kingdom,Birmingham,67,4.3,Indian
18273002,Damascena Coffee House,United Kingdom,Birmingham,7,3.8,"Greek, Mediterranean, Middle Eastern"
6901051,The Plough,United Kingdom,Birmingham,32,4.3,British
6900227,Wagamama,United Kingdom,Birmingham,56,4.6,Japanese
6900288,Fargo's Food Factory,United Kingdom,Birmingham,11,3.8,"Burger, Steak, Indian, Pizza, Desserts, Chinese"
6900160,Handmade Burger Co.,United Kingdom,Birmingham,20,3.9,"Burger, American"
6900843,Chennai Dosa,United Kingdom,Birmingham,40,3.8,"Indian, South Indian"
6900692,Simpsons Restaurants,United Kingdom,Birmingham,58,4.5,British
6900106,Pushkar,United Kingdom,Birmingham,37,4.4,Indian
6900339,Asha's,United Kingdom,Birmingham,48,4.2,Indian
18749437,Belly Worship,New Zealand,Auckland,444,4.3,"Asian, Chinese, Asian Fusion, Street Food"
7009344,Major Sprout,New Zealand,Auckland,561,4.5,Cafe Food
7006421,PappaRich,New Zealand,Auckland,801,4.2,Malaysian
7003621,Circus Circus,New Zealand,Auckland,765,4.2,"Cafe Food, European"
7001859,KK Malaysian Cuisine,New Zealand,Auckland,529,4.2,Malaysian
18393092,Amano Restaurant,New Zealand,Auckland,598,4.9,Italian
18667488,Wu and You,New Zealand,Auckland,262,4.2,"Asian, Asian Fusion"
18491782,Oak Eatery,New Zealand,Auckland,225,4.7,"Desserts, Healthy Food, Cafe Food"
7003804,Fact-Tree Cafe,New Zealand,Auckland,405,4.4,"Cafe Food, Coffee and Tea, Desserts, Healthy Food, Kiwi"
7000992,Eden Noodles Cafe 四川担担面,New Zealand,Auckland,718,4.5,Chinese
7003663,Federal Delicatessen,New Zealand,Auckland,1130,4.7,American
7006945,Fokker Bros,New Zealand,Auckland,207,4.1,"American, Burger"
7003018,Paradise,New Zealand,Auckland,1287,4.4,Indian
7004225,Thai Street,New Zealand,Auckland,325,4.0,Thai
7003660,Miss Clawdy,New Zealand,Auckland,571,4.2,"Creole, American"
7000700,Pocha 포차,New Zealand,Auckland,512,4.5,"Korean, Fried Chicken"
7004412,The Shelf,New Zealand,Auckland,666,4.4,"Cafe Food, Coffee and Tea, Desserts"
7001670,"Eight - Cordis, Auckland Hotel",New Zealand,Auckland,755,4.7,"European, Seafood, Grill"
18672367,Chamate,New Zealand,Auckland,309,4.2,"Asian, Chinese, Seafood, Yum Cha, Dumplings, Hot Pot, BBQ"
7003002,Chikos Restaurant & Cafe,New Zealand,Auckland,354,4.7,"Kiwi, Asian, Pacific, Filipino, Japanese"
7100502,Fidel's,New Zealand,Wellington City,346,4.6,"European, Mexican, Cafe Food"
7100693,Sweet Mother's Kitchen,New Zealand,Wellington City,378,4.2,"Mexican, American"
7101042,The Hangar,New Zealand,Wellington City,269,4.8,Cafe Food
7100142,Origami,New Zealand,Wellington City,136,4.3,"Japanese, Sushi"
7100171,Ombra,New Zealand,Wellington City,230,4.9,Italian
7101145,Mama Brown,New Zealand,Wellington City,233,4.1,"Mexican, American, Cafe Food"
7101967,PappaRich,New Zealand,Wellington City,145,4.3,Malaysian
7100788,The Crab Shack,New Zealand,Wellington City,301,4.3,"Seafood, Kiwi"
7100538,Scopa Caffe Cucina,New Zealand,Wellington City,200,4.5,"Italian, Pizza"
7101081,Charley Noble Eatery & Bar,New Zealand,Wellington City,190,4.7,European
7100546,KC Cafe & Takeaway,New Zealand,Wellington City,153,4.2,"Chinese, Asian"
7100064,Chow,New Zealand,Wellington City,311,4.5,Asian
7101310,Loretta,New Zealand,Wellington City,158,4.5,"European, Cafe Food"
7100798,Dragons,New Zealand,Wellington City,150,4.2,Chinese
7100535,Midnight Espresso,New Zealand,Wellington City,213,4.4,Cafe Food
7101011,Ekim Burgers,New Zealand,Wellington City,247,4.4,Fast Food
7100224,Ortega Fish Shack & Bar,New Zealand,Wellington City,141,4.9,Seafood
7101483,Burger Liquor,New Zealand,Wellington City,185,4.4,American
7100178,Monsoon Poon,New Zealand,Wellington City,205,4.3,Asian
7100865,Shed 5,New Zealand,Wellington City,139,4.5,"European, Pacific"
7302200,Mamma Jamma,Brazil,Rio de Janeiro,12,4.5,Pizza
7303710,Paris 6,Brazil,Rio de Janeiro,28,4.4,French
7302898,Aprazível,Brazil,Rio de Janeiro,63,4.9,Brazilian
7304801,Camarada Camarão,Brazil,Rio de Janeiro,5,4.1,"Brazilian, North Eastern, Seafood"
7301965,Pérgula - Copacabana Palace,Brazil,Rio de Janeiro,3,4.2,International
7304307,Confeitaria Colombo,Brazil,Rio de Janeiro,40,4.6,"Desserts, Cafe"
7300515,Garota de Ipanema,Brazil,Rio de Janeiro,58,4.8,"Brazilian, Bar Food"
7300679,Zuka,Brazil,Rio de Janeiro,21,4.5,"Italian, Contemporary"
7302026,La Trattoria,Brazil,Rio de Janeiro,11,4.5,Italian
7300381,Churrascaria Palace,Brazil,Rio de Janeiro,20,4.9,Steak
7301497,Marius Degustare,Brazil,Rio de Janeiro,16,4.7,"Seafood, International, Grill"
7301112,Giuseppe Grill Mar,Brazil,Rio de Janeiro,11,4.5,"Brazilian, Grill, Seafood"
7300483,Zazá Bistrô Tropical,Brazil,Rio de Janeiro,26,4.7,Brazilian
7300650,Quadrucci,Brazil,Rio de Janeiro,11,4.5,"Italian, Contemporary"
7301102,Oro,Brazil,Rio de Janeiro,3,4.3,Brazilian
7302987,Téreze - Hotel Santa Teresa,Brazil,Rio de Janeiro,7,4.3,International
7303219,Pesqueiro Eco Gourmet,Brazil,Rio de Janeiro,5,4.2,"Seafood, Bar Food, Brazilian"
7301082,Olympe,Brazil,Rio de Janeiro,3,4.2,French
7302549,Café do Alto,Brazil,Rio de Janeiro,5,4.3,"Brazilian, Cafe"
7304351,CT Boucherie,Brazil,Rio de Janeiro,14,4.5,"French, Steak"
18615392,WAKI Japanese BBQ Dining,Indonesia,Jakarta,1242,4.9,"Japanese, Grill, BBQ, Korean, Asian"
18657719,Gyu - Kaku Japanese BBQ,Indonesia,Jakarta,1013,4.8,"Japanese, BBQ"
18744154,Sushi Hiro,Indonesia,Jakarta,1492,4.9,"Sushi, Japanese"
18567253,Sushi Hiro,Indonesia,Jakarta,4416,4.9,"Sushi, Japanese"
18885812,Sushi Go!,Indonesia,Jakarta,1308,4.9,"Japanese, Sushi"
18511433,Sushi Go!,Indonesia,Jakarta,1864,4.7,"Japanese, Sushi"
18710176,The Garden,Indonesia,Jakarta,1025,4.6,"Western, Asian"
18554965,Magal Mapogalmegi BBQ,Indonesia,Jakarta,1219,4.9,"BBQ, Korean, Grill"
18597282,Sushi Go!,Indonesia,Jakarta,2704,4.8,"Sushi, Japanese"
18589077,Sushi Hiro,Indonesia,Jakarta,1957,4.8,"Sushi, Japanese"
18981544,Katsu YA,Indonesia,Jakarta,294,4.2,Japanese
18680113,The Cutt Grill House,Indonesia,Jakarta,675,4.8,"Grill, Western"
18464311,Sushi Hiro,Indonesia,Jakarta,2373,4.9,"Sushi, Japanese"
18806670,Sushi Go!,Indonesia,Jakarta,730,4.7,Sushi
18793437,Gyu - Kaku Japanese BBQ,Indonesia,Jakarta,1014,4.9,"Japanese, BBQ"
18560991,Lawless Burgerbar,Indonesia,Jakarta,979,4.7,"Burger, Western"
18745318,Alfred,Indonesia,Jakarta,423,4.4,"Western, Indonesian"
18266425,Gyu - Kaku Japanese BBQ,Indonesia,Jakarta,1351,4.9,"Japanese, BBQ"
18880385,Gyu - Kaku Japanese BBQ,Indonesia,Jakarta,682,4.9,"Japanese, BBQ"
7421967,3 Wise Monkeys,Indonesia,Jakarta,1652,4.5,"Japanese, Sushi"
75970,afro-boer,South Africa,Pretoria,128,4.2,"Cafe, Bakery, Street Food, Patisserie, South African, Healthy Food, Desserts"
75609,Capital Craft Beer Academy,South Africa,Pretoria,402,4.5,"Street Food, Burger, American, Finger Food, German"
75027,Kream,South Africa,Pretoria,530,4.8,African
18289339,Culture Club - Bar De Tapas,South Africa,Pretoria,260,4.7,"Cafe, Tapas, South African, Beverages, Healthy Food, Desserts, Spanish"
75380,The Black Bamboo,South Africa,Pretoria,178,4.7,"Continental, Contemporary, Desserts"
75858,Crawdaddy's,South Africa,Pretoria,225,4.4,"Continental, Seafood, Burger, South African, Finger Food, Grill"
75376,Tribeca Standard,South Africa,Pretoria,231,3.9,"Cafe, Burger, Pizza"
18408129,Industrial Coffee Works,South Africa,Pretoria,110,4.1,"Cafe, Street Food, Burger, Ethiopian, South African, Juices"
75026,Baobab Cafe & Grill,South Africa,Pretoria,304,4.2,"Cafe, Grill"
75485,Doppio Zero,South Africa,Pretoria,170,3.9,"Italian, Cafe, Bakery"
18199742,El Pistolero,South Africa,Pretoria,182,4.4,Mexican
18445965,Guy Fieri's Kitchen & Bar,South Africa,Pretoria,183,2.2,"American, Italian, Continental"
75121,Moo Moo,South Africa,Pretoria,331,4.2,"Steak, Continental"
75104,Parrot's,South Africa,Pretoria,183,3.7,"Contemporary, Sushi, Grill, Italian, Steak"
18376958,Mustang Sally's Pub & Diner,South Africa,Pretoria,122,3.8,"Healthy Food, Burger, American, Desserts, Grill"
18136493,Hogshead,South Africa,Pretoria,297,4.2,"Grill, Burger"
18445936,Something's Cooking by J,South Africa,Pretoria,145,3.6,"South African, Portuguese, Burger, Pizza"
18199767,Carbon Bistro,South Africa,Pretoria,167,4.5,"Seafood, Burger, Steak"
18376953,tashas,South Africa,Pretoria,109,4.2,"Cafe, Healthy Food"
75620,Whisk Wine Bar,South Africa,Pretoria,135,4.1,"European, Tapas"
7601024,Ting Thai Caravan,United Kingdom,Edinburgh,110,4.6,"Thai, Asian"
7600188,Mother India's Cafe,United Kingdom,Edinburgh,137,4.5,Indian
7601102,Chaophraya,United Kingdom,Edinburgh,57,4.4,Thai
7600471,The Elephant House,United Kingdom,Edinburgh,90,4.1,Cafe
18408677,Dishoom Edinburgh,United Kingdom,Edinburgh,64,4.5,"Cafe, Indian"
7600929,David Bann,United Kingdom,Edinburgh,76,4.5,"Asian, Italian, Mediterranean, European"
7602204,El Cartel,United Kingdom,Edinburgh,34,4.1,Mexican
7600432,The Royal McGregor,United Kingdom,Edinburgh,17,3.5,Scottish
7600217,La Favorita,United Kingdom,Edinburgh,110,4.6,Italian
7600062,Hard Rock Cafe,United Kingdom,Edinburgh,89,4.3,American
7600307,Angels With Bagpipes,United Kingdom,Edinburgh,44,4.0,Scottish
7600448,Cafe Andaluz,United Kingdom,Edinburgh,95,4.4,"Spanish, Tapas"
7600902,Mimi's Bakehouse,United Kingdom,Edinburgh,76,4.6,"Cafe, Bakery, Desserts"
7600792,Wedgwood,United Kingdom,Edinburgh,65,4.2,"Scottish, British"
7601241,The Kitchin,United Kingdom,Edinburgh,143,4.5,"British, French"
7600083,Castle Terrace,United Kingdom,Edinburgh,57,4.4,"British, Scottish, French"
7600381,Fishers In The City,United Kingdom,Edinburgh,73,4.3,"Seafood, British"
7601177,Tuk Tuk Indian Street Food,United Kingdom,Edinburgh,75,4.1,"Indian, Street Food"
7600914,The Witchery & The Secret Garden,United Kingdom,Edinburgh,112,4.2,"British, Scottish, Seafood"
7600636,Number One - Balmoral Hotel,United Kingdom,Edinburgh,35,4.0,European
7700615,Wagamama,United Kingdom,Glasgow,136,4.3,Japanese
7700043,Nanakusa,United Kingdom,Glasgow,71,4.2,"Japanese, Grill"
7700258,Chaophraya,United Kingdom,Glasgow,51,3.6,Thai
7700025,The Butterfly & The Pig,United Kingdom,Glasgow,53,3.9,British
7701552,Elia,United Kingdom,Glasgow,77,4.4,Greek
7700329,The Dhabba,United Kingdom,Glasgow,80,3.8,Indian
7700780,The Two Figs,United Kingdom,Glasgow,42,3.9,"British, Scottish"
7700672,The Battlefield Restaurant,United Kingdom,Glasgow,104,4.4,"Italian, Scottish, Continental"
7700796,Celino's,United Kingdom,Glasgow,79,4.9,"Italian, Deli"
7700470,Rishi's,United Kingdom,Glasgow,41,3.8,Indian
7701386,La Tasca,United Kingdom,Glasgow,64,4.1,Spanish
7700440,The Italian Caffe,United Kingdom,Glasgow,46,4.0,Italian
7700495,The Butchershop Bar & Grill,United Kingdom,Glasgow,67,4.1,"Grill, Steak, Scottish, British"
7700694,Ubiquitous Chip,United Kingdom,Glasgow,113,4.1,"Scottish, British"
7700834,Stravaigin,United Kingdom,Glasgow,104,4.3,Scottish
7700300,Jamie's Italian,United Kingdom,Glasgow,168,2.9,Italian
7701457,Mother India Cafe,United Kingdom,Glasgow,126,4.8,Indian
7700065,Ichiban,United Kingdom,Glasgow,133,4.6,Japanese
7700026,Dakhin,United Kingdom,Glasgow,43,3.9,"Indian, South Indian"
7700850,Hillhead Bookclub,United Kingdom,Glasgow,71,3.6,"British, Scottish"
7800282,Circus Circus Cafe,South Africa,Durban,141,4.2,"Mediterranean, Continental"
7800523,Roma Revolving Restaurant,South Africa,Durban,144,3.9,"Italian, Seafood, Steak"
7800372,Vovo Telo,South Africa,Durban,162,4.1,"Cafe, Bakery, Desserts"
18362280,The Chefs' Table,South Africa,Durban,106,4.7,International
7800495,The Ocean Terrace - The Oyster Box Hotel,South Africa,Durban,194,4.6,"Indian, Durban, Continental"
7800663,The Galley Beach Bar & Grill,South Africa,Durban,120,3.2,"Grill, Seafood"
7800284,Beluga,South Africa,Durban,241,3.8,"Seafood, Asian"
7800310,Daruma - Elangeni & Maharani,South Africa,Durban,100,4.3,"Japanese, Sushi"
7800531,Freedom Cafe,South Africa,Durban,119,4.1,"Deli, South African"
7800959,The Waffle House,South Africa,Durban,195,4.8,"Desserts, Finger Food"
7800905,Bel Punto,South Africa,Durban,177,4.9,Seafood
18216520,Fourteen on Chartwell,South Africa,Durban,166,4.5,Continental
7800437,Market,South Africa,Durban,156,4.4,Cafe
7800380,Little Havana,South Africa,Durban,130,4.2,Continental
7800541,Jack Salmon,South Africa,Durban,91,4.3,Seafood
7800551,Mali's Indian Restaurant,South Africa,Durban,122,4.6,Indian
7800516,Ile Maurice,South Africa,Durban,113,4.3,French
7800157,tashas,South Africa,Durban,174,4.3,Cafe
7800462,9th Avenue Bistro,South Africa,Durban,93,4.5,French
18473006,Casa Bella,South Africa,Durban,59,3.8,"Italian, Pizza"
7900198,Sichuan Style Restaurant,New Zealand,Hamilton,72,4.3,Chinese
7900069,Babaganush,New Zealand,Hamilton,76,4.0,Turkish
7900141,Daikoku Restaurant,New Zealand,Hamilton,50,3.6,"Japanese, Teppanyaki"
7900355,The Sugar Bowl Cafe,New Zealand,Hamilton,80,4.1,Cafe Food
7900646,The Chilli House,New Zealand,Hamilton,28,4.0,"Chinese, Dumplings, Hot Pot, Sichuan, Vegan, Vegetarian"
7900250,Gothenburg,New Zealand,Hamilton,100,4.6,European
7900322,The Helm,New Zealand,Hamilton,64,2.5,European
7900419,Two Birds Eatery,New Zealand,Hamilton,65,3.8,Cafe Food
7900218,Foundation Bar Kitchen & Lounge,New Zealand,Hamilton,95,4.3,Steak
18319871,Zealong Tea Estate,New Zealand,Hamilton,24,4.4,Cafe Food
7903141,Jacks Coffee Lounge,New Zealand,Hamilton,53,4.1,Cafe Food
7900287,The River Kitchen,New Zealand,Hamilton,62,4.2,"Cafe Food, Coffee and Tea"
7900349,Good George Brewing,New Zealand,Hamilton,51,4.1,"Kiwi, European, Finger Food"
7900238,Scotts Epicurean,New Zealand,Hamilton,117,4.4,Cafe Food
7900011,Sultan's Kitchen,New Zealand,Hamilton,33,4.0,"Turkish, Mediterranean, Moroccan"
7900186,Mexico,New Zealand,Hamilton,100,4.2,Mexican
7900182,Thai House Express,New Zealand,Hamilton,51,4.0,Thai
7900023,Indian Star,New Zealand,Hamilton,63,3.8,"North Indian, Indian"
7900490,Zealong Tea Estate,New Zealand,Hamilton,55,4.7,"European, Asian, Desserts"
7900115,The Flying Burrito Brothers,New Zealand,Hamilton,58,3.9,Mexican
