Event Id,Restaurant Id,Restaurant Name,Photo URL,Event Title,Event Start Date,Event End Date
322331,18649486,The Drunken Botanist,https://b.zmtcdn.com/data/zomato_events/photos/5a1/ac34cf3c271c9052e9d248c243df65a1_1551852711.jpg,"BackToBasic Wednesdays !!


",2019-03-06,2019-08-28
332812,308322,Hauz Khas Social,https://b.zmtcdn.com/data/zomato_events/photos/e11/de21c69b73b6220731a4191883338e11_1553860194.jpg,Live 20/20 Match Screenings,2019-03-29,2019-05-23
336644,18856789,AIR- An Ivory Region,https://b.zmtcdn.com/data/zomato_events/photos/46f/1c1651fcd360fe1468cfc06125b1646f_1554705305.jpg,Dhol Bhangra Night,2019-04-10,2019-04-11
336889,18382360,Local,No Photo,Cocktail Wednesday,2019-04-10,2019-04-10
336888,18382360,Local,No Photo,Cocktail Wednesday,2019-04-10,2019-04-10
336890,18382360,Local,https://b.zmtcdn.com/data/zomato_events/photos/193/bed72acb4c93b8affeba209ccad08193_1554726578.jpg,Cocktail Wednesday,2019-04-10,2019-04-10
336894,18382360,Local,https://b.zmtcdn.com/data/zomato_events/photos/f6c/0aea33156c313eef2343ac6f0e0a5f6c_1554726952.jpg,Hip Hop Friday,2019-04-12,2019-04-12
336903,18382360,Local,https://b.zmtcdn.com/data/zomato_events/photos/5ee/165894b7ce0bfd2812796a3f8c6f15ee_1554728236.jpg,Urban Saturday,2019-04-13,2019-04-13
116096,18466951,Jungle Jamboree,https://b.zmtcdn.com/data/zomato_events/photos/847/acb0693c612ec13c15e618d4bf3cf847_1507619388.jpg,Festive Food Bonanza || Special Buffet Prices starting @ Rs. 499 + || Full Day Alacarte,2019-01-21,2019-05-31
161417,18466951,Jungle Jamboree,https://b.zmtcdn.com/data/zomato_events/photos/21a/7db6ab62451f0c3b57f0b17a42aaa21a_1552391084.jpg,7 Course High Tea Birthday & Kitty Parties @ Rs. 499 + onwards with Unlimited Aerated Drinks,2019-01-21,2019-05-31
336622,18466951,Jungle Jamboree,https://b.zmtcdn.com/data/zomato_events/photos/ffe/96d21e7be18ea0bbc2d7f44496697ffe_1554702984.jpg,Special Navratras Thali at just @399 +Taxes at Jungle Jamboree,2019-04-08,2019-04-13
336251,18337893,The Luggage Room Kitchen And Bar,https://b.zmtcdn.com/data/zomato_events/photos/799/108cf02227f93ebf23d0931aad9c6799_1554553534.jpeg,Commercial Night,2019-04-10,2019-04-11
336248,18337893,The Luggage Room Kitchen And Bar,https://b.zmtcdn.com/data/zomato_events/photos/64f/6b5003ddf79e8c67cb0ce2e8a17aa64f_1554552608.jpeg,Ladies Night,2019-04-11,2019-04-11
332812,18246991,Odeon Social,https://b.zmtcdn.com/data/zomato_events/photos/e11/de21c69b73b6220731a4191883338e11_1553860194.jpg,Live 20/20 Match Screenings,2019-03-29,2019-05-23
292840,18571735,Dum Laga Ke Haishaa,https://b.zmtcdn.com/data/zomato_events/photos/647/21460fdc477d489aa14b5737ad8b4647_1545986849.jpg,Corporate Lunch Box ,2018-12-28,2019-12-31
297761,18571735,Dum Laga Ke Haishaa,https://b.zmtcdn.com/data/zomato_events/photos/b9a/c78333277eeb35b03054832d554c8b9a_1547094754.jpeg,Happy Hour! ,2019-01-10,2019-12-31
316852,18571735,Dum Laga Ke Haishaa,https://b.zmtcdn.com/data/zomato_events/photos/ae1/8f114d0fd22610eb5fc24586f9b14ae1_1551418526.jpeg,Food Festival,2019-02-21,2019-05-31
321358,18571735,Dum Laga Ke Haishaa,https://b.zmtcdn.com/data/zomato_events/photos/c5c/c89bf2570b91fe78a351cab7af4d2c5c_1551693702.jpg,Shah Jahani e Thali (3-4 packs),2019-03-04,2019-08-31
328527,18571735,Dum Laga Ke Haishaa,https://b.zmtcdn.com/data/zomato_events/photos/7fe/5f5902c7c2d51ee824f0dbcb357257fe_1553068836.jpeg,Game Fever at DLKH!,2019-03-20,2019-07-31
337099,18571735,Dum Laga Ke Haishaa,https://b.zmtcdn.com/data/zomato_events/photos/bd5/f3d41368563de4717c134eb22144bbd5_1554791503.jpg,Live Sports Screening,2019-04-09,2019-05-18
337096,18571735,Dum Laga Ke Haishaa,https://b.zmtcdn.com/data/zomato_events/photos/484/5e127cada3fadb0325231b4af17a7484_1554791314.jpg,Poila Baishak,2019-04-14,2019-04-15
337102,18571735,Dum Laga Ke Haishaa,https://b.zmtcdn.com/data/zomato_events/photos/42d/5ff1422e615ed8199844db6c6839342d_1554791652.jpg,Poila Baishak Special,2019-04-14,2019-04-15
260569,18398880,JW Kitchen - JW Marriott Hotel Kolkata,https://b.zmtcdn.com/data/zomato_events/photos/cfa/2ada6e3ed9f4f3dea6df099b8d04dcfa_1538636463.jpg,Corporate Buffet Dinner,2019-01-02,2019-09-30
334818,18398880,JW Kitchen - JW Marriott Hotel Kolkata,https://b.zmtcdn.com/data/zomato_events/photos/cd3/63b861ffce13a6772331351c3d4a7cd3_1554270291.jpeg,Poila Baishakh Buffet ,2019-04-15,2019-04-15
286422,18259462,Ocean Grill,No Photo,Customised Party Packages,2018-12-17,2019-04-30
337247,18761167,Echoes Kolkata,https://b.zmtcdn.com/data/zomato_events/photos/fd4/28cb2e167c37cb93352c8d7ff086ffd4_1554804343.jpg,Celebrate Poila Boishak with Echoes,2019-04-15,2019-04-15
333108,18751849,Five Mad Men,https://b.zmtcdn.com/data/zomato_events/photos/c36/7f0216962bad1b7239eb65be4e79ac36_1553939104.jpg,Apna Stadium Khud Chuno - IPL 2019 Big Match Day,2019-04-03,2019-05-05
334920,18751849,Five Mad Men,https://b.zmtcdn.com/data/zomato_events/photos/d2e/33c4ccd53ddb4032a84e21c79e166d2e_1554444408.jpg,Ladies Night,2019-04-11,2019-04-11
334922,18751849,Five Mad Men,https://b.zmtcdn.com/data/zomato_events/photos/ee3/13745a8a0307c436afac7fc4f2cdfee3_1554282159.jpg,Game of Thrones - Special Screening of season 8,2019-04-15,2019-04-15
336892,18392725,Tamasha,https://b.zmtcdn.com/data/zomato_events/photos/226/ba2b3f29cb4ad068b5c24e2be8a47226_1554726923.jpg,Bombay Velvet,2019-04-11,2019-04-12
336898,18392725,Tamasha,https://b.zmtcdn.com/data/zomato_events/photos/4d5/714bbc76d08697beb0a92b7a164f04d5_1554727292.jpg,Zulfi Performing Live,2019-04-12,2019-04-13
298104,18701052,The Fusion Kitchen,https://b.zmtcdn.com/data/zomato_events/photos/e3b/f4ff3f0587a19faae36ab04fa1c2ce3b_1550491642.jpg,HAPPY HOURS 1+1 ,2019-03-15,2019-04-30
336881,18566818,JLWA,https://b.zmtcdn.com/data/zomato_events/photos/ee5/3136ce776bb5713020dc50098b29bee5_1554725717.jpg,Juggy & Band Live,2019-04-10,2019-04-11
318235,48851,Rude Lounge,https://b.zmtcdn.com/data/zomato_events/photos/4d5/13623423b8a28744a3d0fdbeee5754d5_1551098744.jpg,Zumba Fitness with ZIN Mohsin & ZIN Varsha at Rude Powai,2019-04-20,2019-04-20
330912,18205932,The Cult - Peninsula Grand Hotel,https://b.zmtcdn.com/data/zomato_events/photos/db5/e7f55f631ece262fb5b277087c310db5_1553526714.jpg,Live Cricket Screening (Exclusive),2019-03-25,2019-04-30
337298,18205932,The Cult - Peninsula Grand Hotel,https://b.zmtcdn.com/data/zomato_events/photos/779/9c795d7fe0945fd03311ca0a1d4d4779_1554810004.jpg,Happy Hours ,2019-04-09,2020-05-29
336620,18205932,The Cult - Peninsula Grand Hotel,https://b.zmtcdn.com/data/zomato_events/photos/fb7/1d739bd9adde62656223c325dc1cffb7_1554702895.jpg,Glam & Glitz Bolly Molly Ladies Retro Night,2019-04-10,2019-04-11
336992,18205932,The Cult - Peninsula Grand Hotel,https://b.zmtcdn.com/data/zomato_events/photos/31a/2ef46c5df1053dbe761c310e54e5731a_1554736500.jpg,MTV Swag Ladies Night ,2019-04-11,2019-04-12
337480,18205932,The Cult - Peninsula Grand Hotel,https://b.zmtcdn.com/data/zomato_events/photos/4bc/fb22c3cb199bcee76f159b87476fb4bc_1554830904.jpg,Friday Night,2019-04-12,2019-04-13
337300,18205932,The Cult - Peninsula Grand Hotel,https://b.zmtcdn.com/data/zomato_events/photos/f2c/379de3e6f9d48b0d43db2e83a8a4bf2c_1554810208.jpg,Saturday Night,2019-04-13,2019-04-14
337023,18205932,The Cult - Peninsula Grand Hotel,https://b.zmtcdn.com/data/zomato_events/photos/667/b3386da080734d28b323598100093667_1554751324.jpg,Sunday Night ,2019-04-14,2019-04-15
336281,18580259,Coffee Culture,https://b.zmtcdn.com/data/zomato_events/photos/307/17dd56fc03fc0a87c182a5dd9df10307_1554562379.jpg,Ink-A-Laugh Presents Bearly Funny,2019-04-11,2019-04-11
336279,18580259,Coffee Culture,No Photo,"Stand Up Comedy @ Coffee Culture, Bandra On Every Thursday !",2019-04-18,2019-04-18
332812,18522518,Vikhroli Social,https://b.zmtcdn.com/data/zomato_events/photos/e11/de21c69b73b6220731a4191883338e11_1553860194.jpg,Live 20/20 Match Screenings,2019-03-29,2019-05-23
233993,18397684,Craftbar,No Photo,Corporate Buffet Lunch at 199/-* (Monday to Friday) ,2019-01-09,2019-05-31
292701,18397684,Craftbar,No Photo,Friday Bollywood Night ,2019-02-01,2019-04-30
292145,18397684,Craftbar,No Photo,Thursday Retro Night ,2019-02-07,2019-04-30
314235,18397684,Craftbar,https://b.zmtcdn.com/data/zomato_events/photos/418/97a6484d2dc532268d2af10c035f5418_1543641079.jpg,Saturday Live Band Night ,2019-02-14,2019-06-30
310422,18397684,Craftbar,https://b.zmtcdn.com/data/zomato_events/photos/414/86acaed3c9bbaffd45bc8edc2cbd6414_1550216011.jpg,Sunday Karaoke Night ,2019-02-15,2019-04-30
309090,18397684,Craftbar,No Photo,Wednesday Angel's Night ,2019-02-20,2019-04-30
310712,18691230,Grandmama's Café,https://b.zmtcdn.com/data/zomato_events/photos/224/073b2cdc488f5565aabd131ca39ae224_1549624365.jpeg,Grandmama's Burger Shake & Fries Combo,2019-02-09,2019-04-20
328877,18691230,Grandmama's Café,https://b.zmtcdn.com/data/zomato_events/photos/b62/0b4ae8502067707a163a39bf0d719b62_1553088932.jpg,IPL Hours at Grandmama's Cafe,2019-03-25,2019-05-19
277195,18706428,Byg Brewski Brewing Company,https://b.zmtcdn.com/data/zomato_events/photos/259/586be54addd8388ab52579d6121a5259_1542969506.jpeg,Sunday Brunch,2018-11-25,2019-12-29
279297,18706428,Byg Brewski Brewing Company,https://b.zmtcdn.com/data/zomato_events/photos/580/3acad326494a417b48055743f9055580_1543487035.jpg,Byg Spirited Labels,2018-11-29,2019-04-30
279336,18706428,Byg Brewski Brewing Company,https://b.zmtcdn.com/data/zomato_events/photos/d72/e770dbc5f27c87b39dd848e0ac519d72_1543846758.jpg,Corporate Events,2018-11-29,2019-12-31
329360,18871246,ShakesBierre,https://b.zmtcdn.com/data/zomato_events/photos/9d4/56c8e94dd9f3ccd4507446ed780889d4_1553239385.jpg,MOODYMONDAYS,2019-03-22,2019-04-30
329396,18871246,ShakesBierre,https://b.zmtcdn.com/data/zomato_events/photos/aaf/bd66f7346b4329eb6e6af3fa2f682aaf_1553244004.jpg,SUNDAYBRUNCH,2019-03-22,2019-04-30
329375,18871246,ShakesBierre,https://b.zmtcdn.com/data/zomato_events/photos/49a/59db9024e66a2b28527b8ba52836b49a_1553240620.jpg,FABULOUSFRIDAY,2019-03-22,2019-04-30
329363,18871246,ShakesBierre,https://b.zmtcdn.com/data/zomato_events/photos/aa6/c82d40508883a128835dee03a17dbaa6_1553239679.jpg,BIERRAOKE,2019-03-22,2019-04-30
329793,18871246,ShakesBierre,https://b.zmtcdn.com/data/zomato_events/photos/24b/1a98ba93fdd39d2f38a796d959fca24b_1553327422.jpg,SWAGGERSATURDAY,2019-03-23,2019-04-30
332383,18871246,ShakesBierre,https://b.zmtcdn.com/data/zomato_events/photos/921/aac386792791cc0d57170c8c69259921_1553779838.jpg,STANDUPCOMEDY,2019-03-28,2019-04-30
335948,18772094,Bombay Adda,https://b.zmtcdn.com/data/zomato_events/photos/e42/9bc929b0f3d42c75d9f8b200c58a8e42_1554468914.jpg,Ladies & Models Night Ft. DJ Njay,2019-04-11,2019-04-12
335953,18772094,Bombay Adda,https://b.zmtcdn.com/data/zomato_events/photos/5b9/8b95311c377aeb3c52778b4787b465b9_1554469109.jpg,Friday Night Ft. Kaleem & Basand,2019-04-12,2019-04-13
335954,18772094,Bombay Adda,https://b.zmtcdn.com/data/zomato_events/photos/7ff/80001b30b1ecbc35a214ac16867857ff_1554469271.jpg,Saturday Night Ft. Kaleem & Basand,2019-04-13,2019-04-14
335989,18772094,Bombay Adda,https://b.zmtcdn.com/data/zomato_events/photos/daf/f8880703cde05ef2d9a60c58fef8edaf_1554471175.jpg,Unplugged Night Ft. Saher,2019-04-14,2019-04-15
328860,18387426,The Black Pearl,https://b.zmtcdn.com/data/zomato_events/photos/34a/12bf034e5fcc97b727660358632de34a_1553086644.png,Cricket Season Specials at The Black Pearl Marathahalii,2019-03-20,2019-06-10
334204,18387426,The Black Pearl,https://b.zmtcdn.com/data/zomato_events/photos/f38/eea3d5b94fc9a3385ab5193173f17f38_1554190514.jpeg,Multiple Corporate Offers at the Black Pearl Marathahalli ,2019-04-02,2020-03-31
334206,18387426,The Black Pearl,https://b.zmtcdn.com/data/zomato_events/photos/f17/c049f9aeddd7129eb083bb426172cf17_1554190681.jpeg,Early Bird & Late Bird Offers at Black Pearl ,2019-04-02,2020-03-31
334210,18387426,The Black Pearl,https://b.zmtcdn.com/data/zomato_events/photos/763/823547a36ed40f9b4bec7ab5f4b25763_1554190858.jpeg,Cocktails and Mocktails offers at Black Pearl ,2019-04-02,2020-03-31
270216,57833,Big Pitcher,https://b.zmtcdn.com/data/zomato_events/photos/981/c27a588a41e431a0619c19edb6a14981_1541091518.jpg,New Food Menu Launch at Big Pitcher,2018-11-01,2020-10-31
302811,54162,The Black Pearl,https://b.zmtcdn.com/data/zomato_events/photos/9b0/b9a7af4c9c397442df4c644bfe7b59b0_1548229153.jpg,Special Pirate Packages for Lunch ,2019-01-23,2019-04-30
319906,54162,The Black Pearl,https://b.zmtcdn.com/data/zomato_events/photos/406/044b2f0cf1a6fb0611477a28fc9fb406_1553421281.jpg,WEEKLY OFFERS,2019-02-28,2019-12-31
327964,54162,The Black Pearl,https://b.zmtcdn.com/data/zomato_events/photos/806/617ccb9d93febfad2b046fba05a5a806_1552977711.jpg,Circket  Fever ,2019-03-23,2019-05-12
336921,54162,The Black Pearl,https://b.zmtcdn.com/data/zomato_events/photos/f93/c3f8ad86820067b04cd99322f8a55f93_1554730197.jpeg,Unlimited Alcohol Offers at The Black Pearl,2019-04-08,2020-03-31
336924,54162,The Black Pearl,https://b.zmtcdn.com/data/zomato_events/photos/2d6/138ca755a6df9ffa0e24ab4f6a4c02d6_1554730441.jpeg,"Every 11 pax get 1 free buffet, Every 20 pax get 2 free buffet",2019-04-08,2020-03-31
336929,54162,The Black Pearl,https://b.zmtcdn.com/data/zomato_events/photos/7dd/f8ed5d2cae323b42cfc3f977d04e97dd_1554730625.jpeg,Early Bird Offer & Full Bottle Offer,2019-04-08,2020-03-31
336932,54162,The Black Pearl,https://b.zmtcdn.com/data/zomato_events/photos/359/40bdc0c46472fe6eeb756f47fce01359_1554730726.jpeg,Sunday Specials at The Black Pearl,2019-04-08,2020-03-31
251427,18595782,The Pallet,https://b.zmtcdn.com/data/zomato_events/photos/7df/819679a3c0fd7f5a2ced303beb7127df_1543831739.png,The Desi Electrifier Night | Every Wednesday | Ft. DJ 303K | Bollywood Deep House,2019-04-10,2019-04-10
194302,18595782,The Pallet,https://b.zmtcdn.com/data/zomato_events/photos/7ac/09491fa11a739d713476a6c39d4e57ac_1529659598.jpg,Planning an office event? | Corporate Packages & Discounts,2019-04-11,2019-04-11
332104,18595782,The Pallet,https://b.zmtcdn.com/data/zomato_events/photos/398/d953b1f30315f62282e23290285bf398_1553754376.jpg,Live T-20 Sports Screening | Beer Pitchers @ 500/-,2019-04-11,2019-04-11
262407,18595782,The Pallet,https://b.zmtcdn.com/data/zomato_events/photos/427/5db986338bdd4e40df5e7bc53fb81427_1546863206.jpg,BollyEDM Night | This Friday | Ft. DJ Ashwin | EDM and Bollywood Night,2019-04-12,2019-04-12
199069,18595782,The Pallet,https://b.zmtcdn.com/data/zomato_events/photos/17c/eaf36fb26869a1545a1608810b88117c_1538976173.jpg,Bollywood Night Ft. DJ SAM | Live Dhol Performance,2019-04-13,2019-04-13
206595,18595782,The Pallet,https://b.zmtcdn.com/data/zomato_events/photos/5ef/a4d5e1e3e66b9b083494866b420fa5ef_1546847980.jpg,Sunday Brunch,2019-04-14,2019-04-14
288350,18595782,The Pallet,https://b.zmtcdn.com/data/zomato_events/photos/6bf/f8f0ab4942a0a077e4b74f09239e96bf_1547112109.png,Sunday Rewind | Ft. DJ Sam,2019-04-14,2019-04-14
204342,18595782,The Pallet,https://b.zmtcdn.com/data/zomato_events/photos/428/ae636e527abfe9c086d861b2f9602428_1546591272.png,Corporate Lunch | Buffet | Monday - Saturday | @ INR 599,2019-04-15,2019-04-15
264218,18595782,The Pallet,https://b.zmtcdn.com/data/zomato_events/photos/66f/57ce93ad5437845e88ec3ef7c424c66f_1539599793.jpg,Monday Madness | Ft. DJ Sam | Full Day Happy Hours,2019-04-15,2019-04-15
332261,18537585,The Reservoire,https://b.zmtcdn.com/data/zomato_events/photos/c8f/8741b1909fbd644229e02d1194204c8f_1553772278.jpg,IPL Live Screening at The Reservoire,2019-03-28,2019-05-12
309852,18537585,The Reservoire,No Photo,Happy Corporate Hours: 15% off! ,2019-04-02,2019-05-07
317312,18537585,The Reservoire,https://b.zmtcdn.com/data/zomato_events/photos/92c/558b523c78baa78dbccfb6c73eacb92c_1554826980.jpg,Happy Hours @ Reservoire,2019-04-09,2019-05-26
337463,18537585,The Reservoire,https://b.zmtcdn.com/data/zomato_events/photos/587/e83c2132c75013e76d5fd7121314d587_1554827399.jpg,SUNDAY TIKI BRUNCH,2019-04-09,2019-06-09
297581,18709627,Simon Says Brew Works,https://b.zmtcdn.com/data/zomato_events/photos/cec/f73a02fc69cf3c4d207373e9bac11cec_1547045966.jpg,LADIES NIGHT & BOLLYWOOD KARAOKE,2019-01-13,2019-07-28
328516,18709627,Simon Says Brew Works,https://b.zmtcdn.com/data/zomato_events/photos/41a/2bfbe5a35c208e706e77f53a3f01b41a_1553069189.jpg,IPL OFFERS WITH LIVE SCREENING,2019-03-23,2019-05-12
330592,18709627,Simon Says Brew Works,https://b.zmtcdn.com/data/zomato_events/photos/625/99bb1e255821323769b97107ed7bc625_1554463669.jpg,HAPPY HOURS 1+1 ON ALL LIQUORS FULL DAY,2019-03-25,2019-04-30
331692,18709627,Simon Says Brew Works,https://b.zmtcdn.com/data/zomato_events/photos/688/68c65e657ea7b23ec762b39af04bc688_1553673043.jpg,WEDNESDAY LADIES NIGHT WITH DJ ARPITAA ,2019-03-27,2019-04-30
332016,18709627,Simon Says Brew Works,https://b.zmtcdn.com/data/zomato_events/photos/6a1/cc0c29d3198cdf705b24ddcdd08636a1_1553710491.jpg,SEASONAL FRUITS BREWED BEER,2019-03-27,2019-04-30
332132,18709627,Simon Says Brew Works,https://b.zmtcdn.com/data/zomato_events/photos/912/8edbcb764b179a28de44b410ec965912_1553758329.jpg,WEEKLY OFFERS AND EVENTS,2019-03-28,2019-04-30
315874,18709627,Simon Says Brew Works,https://b.zmtcdn.com/data/zomato_events/photos/278/bb1e372263762c810a7c220d732bd278_1550569902.jpg,Bollywood Night with DJ Oppozit,2019-03-28,2019-04-26
320441,18727906,XOOX Brewmill,https://b.zmtcdn.com/data/zomato_events/photos/aa2/b5391dff2f22069e9c46251edd4afaa2_1554104249.jpg,Happy Hours Menu,2019-04-08,2019-04-30
317384,18727906,XOOX Brewmill,https://b.zmtcdn.com/data/zomato_events/photos/43f/629c8b3d6834c77322cc07dd7210f43f_1533582873.jpg,Plan Your Corporate Event!,2019-04-08,2019-04-30
319262,18727906,XOOX Brewmill,https://b.zmtcdn.com/data/zomato_events/photos/bd6/702aa2516493c5e13d14ba6a65d4ebd6_1553320598.jpg,X019' Match Screening ,2019-04-09,2019-05-05
314958,18727906,XOOX Brewmill,https://b.zmtcdn.com/data/zomato_events/photos/2e1/cb5585c6669f8456c20af9f12eabb2e1_1552052914.jpg,Unlimited Sparkling Wine Brunch !,2019-04-13,2019-04-30
332812,18893197,FC Road Social,https://b.zmtcdn.com/data/zomato_events/photos/e11/de21c69b73b6220731a4191883338e11_1553860194.jpg,Live 20/20 Match Screenings,2019-03-29,2019-05-23
337514,18880433,BeHive,https://b.zmtcdn.com/data/zomato_events/photos/7cd/349ff41efcc982b82ad889684803a7cd_1554865907.jpg,"queen bees , ladies night",2019-04-10,2019-04-10
332116,18562250,Cafe Co2 Resto Lounge,No Photo,Live Cricket Screening @ Cafe CO2,2019-03-28,2019-05-19
337013,6508166,Flying Duck Co.,https://b.zmtcdn.com/data/zomato_events/photos/10e/3f9ce11fe6d2bf7263974e5d188be10e_1552983128.jpg,Alcoholic Weekdays! ,2019-04-09,2019-04-11
337015,6508166,Flying Duck Co.,https://b.zmtcdn.com/data/zomato_events/photos/0f1/62519986315c982e1bd127af1e5af0f1_1553061040.jpg,Girls Night Out,2019-04-10,2019-04-10
332959,18784250,Universal Barbeque,https://b.zmtcdn.com/data/zomato_events/photos/335/a6598b1e960e98d9447d4e03c06cc335_1553873543.jpeg,FAMILY OFFER,2019-03-29,2019-04-30
329559,18740139,Grandmama's Cafe,https://b.zmtcdn.com/data/zomato_events/photos/ce7/f68ca85fd4194e229684269af3748ce7_1553259518.jpg,Grandma's Quiz Night! ,2019-04-11,2019-04-11
336866,18417624,The Sassy Spoon,No Photo,Gossip & Giggles ,2019-04-08,2019-12-31
336867,18417624,The Sassy Spoon,No Photo,A Night to Remember ,2019-04-08,2019-12-31
336718,18621437,The FML Lounge,https://b.zmtcdn.com/data/zomato_events/photos/308/c3b32cf4f0840253801ff0c01e6fa308_1554714758.jpg,HAPPY DAYS 1+1,2019-04-08,2019-05-31
332812,18657534,Viman Nagar Social,https://b.zmtcdn.com/data/zomato_events/photos/e11/de21c69b73b6220731a4191883338e11_1553860194.jpg,Live 20/20 Match Screenings,2019-03-29,2019-05-23
327542,18536004,Culture - पुणे,https://b.zmtcdn.com/data/zomato_events/photos/9f9/3cd9dbbfdc7ad22a7c24cd8fd83b39f9_1552899227.jpg,Ladies Night- Every Thursday,2019-03-18,2019-12-31
337114,18536004,Culture - पुणे,https://b.zmtcdn.com/data/zomato_events/photos/b58/f2a16cc683eeaabb01052f2c7959fb58_1554792467.jpg,IPL Quiz Night,2019-04-10,2019-04-10
337273,6508323,The Urban Foundry,https://b.zmtcdn.com/data/zomato_events/photos/a64/c393a5e9f6a20df4f15f19926c5afa64_1554807097.jpg,LIVE SCREENING,2019-04-09,2019-04-30
329193,18470497,84 Anjuna Shack,https://b.zmtcdn.com/data/zomato_events/photos/c00/3e732fea47fcc93cbd6a8dd939dbec00_1553174044.jpg,IPL T20 Match Screening,2019-03-23,2019-05-10
337301,18807262,Broadway,https://b.zmtcdn.com/data/zomato_events/photos/f0d/f84051fb085a223c2970971957175f0d_1554810437.jpg,Meghna Dundi Trio LIVE,2019-04-10,2019-04-10
331960,18607685,Farzi Cafe,https://b.zmtcdn.com/data/zomato_events/photos/8fe/c6dcf42e6a98e81aeb8415370da9e8fe_1553694381.jpeg,IPL Live Screening!,2019-03-27,2019-05-05
336905,18607685,Farzi Cafe,https://b.zmtcdn.com/data/zomato_events/photos/131/80b55b59d265decfe4ed923157b53131_1554728150.jpeg,Electronic Fridays with YOGI!,2019-04-12,2019-04-13
333451,18800810,The Black Pearl,https://b.zmtcdn.com/data/zomato_events/photos/d3c/6c736ceb55aa545c4e1f2af77eedcd3c_1554060000.jpeg,Early Bird Offer on Buffet!,2019-04-01,2020-03-31
333452,18800810,The Black Pearl,https://b.zmtcdn.com/data/zomato_events/photos/2a6/63e054b62fcfe8112849cdb1258c62a6_1554060137.jpeg,Corporate Offers at The Black Pearl Chennai,2019-04-01,2020-03-31
333454,18800810,The Black Pearl,https://b.zmtcdn.com/data/zomato_events/photos/dce/b9709e5ea858d44222bedcfed3f62dce_1554060234.jpeg,Special offers for Senior citizens and Complimentary mocktail per diner!,2019-04-01,2020-03-31
336453,18800810,The Black Pearl,https://b.zmtcdn.com/data/zomato_events/photos/ea4/907e5845ef5221dc71c559578d038ea4_1554645083.jpg,Support Namma CSK,2019-04-07,2019-05-30
337249,18800810,The Black Pearl,https://b.zmtcdn.com/data/zomato_events/photos/34b/2ca35fca44e8e154a940b4ad46af634b_1554804659.jpg,Tamil Puthandu in Pirates Style,2019-04-14,2019-04-14
329269,71443,Palmshore,https://b.zmtcdn.com/data/zomato_events/photos/810/f8fc852a354dbfa87faac0ca6c899810_1553230796.jpg,Buffet,2019-03-22,2019-04-30
331036,18801082,Farzi Café,No Photo,CRICKET FEVER - 2019,2019-03-26,2019-05-30
335804,18801082,Farzi Café,No Photo,Saturday Night with DJ SAAD!,2019-04-13,2019-04-14
335809,18801082,Farzi Café,https://b.zmtcdn.com/data/zomato_events/photos/814/df682d8402a8276f22dd32b0cf180814_1554455250.jpeg,Sunday Night with Indie Street Rockers!,2019-04-14,2019-04-15
332493,18971277,Cafe Repertwahr,https://b.zmtcdn.com/data/zomato_events/photos/575/d460f0ddb1ca69ffac4e8b04550af575_1553793124.jpg,Enjoy live IPL with FBL,2019-03-28,2019-05-26
336239,18439027,Skyhilton,https://b.zmtcdn.com/data/zomato_events/photos/142/03b08e1096a645facf19bec8f7124142_1554550960.jpg,Unlimited Navratri Chaat,2019-04-06,2019-04-13
328996,18748726,The Night Jar,https://b.zmtcdn.com/data/zomato_events/photos/c19/15214588f9c5c7635b22d57ea026fc19_1553100842.jpg,IPL Live Screening,2019-03-23,2019-05-19
328614,18748726,The Night Jar,https://b.zmtcdn.com/data/zomato_events/photos/206/368820d2325f87659ebbfbe78c212206_1553074326.jpg,IPL SPECIALS,2019-03-25,2019-05-31
336485,18748726,The Night Jar,https://b.zmtcdn.com/data/zomato_events/photos/104/70ee0cc803cdbdde1ab8bb92d3315104_1554742926.jpg,Wow Wednesday,2019-04-10,2019-04-10
334436,102695,Thali and More,https://b.zmtcdn.com/data/zomato_events/photos/d93/1ff671abaef07622a8b530b09fff9d93_1554206574.jpeg,GOOD MORNING JAIPUR,2019-04-03,2019-04-30
327296,18882467,Makeba - The Lounge Cafe,https://b.zmtcdn.com/data/zomato_events/photos/92a/89eb96918348080d937a8d033939992a_1552834955.jpg,Live Sports Screening @Makeba The Lounge Cafe,2019-03-23,2019-05-19
327580,18627705,I Love Sandwich House,https://b.zmtcdn.com/data/zomato_events/photos/23a/38d30c8b480f04b9587fcefaf757e23a_1552903234.jpg,"SALAD FEST - "" The Summer of Salads """,2019-03-18,2019-04-30
208222,18627705,I Love Sandwich House,No Photo,IPL Live screening,2019-03-23,2019-05-12
329816,18578691,Bogarosa,https://b.zmtcdn.com/data/zomato_events/photos/13d/29c6cfa980d563833d2c139ff719613d_1553330904.jpg,IPL LIVE SCREENING ,2019-03-23,2019-05-06
332812,124170,Sector 7 Social,https://b.zmtcdn.com/data/zomato_events/photos/e11/de21c69b73b6220731a4191883338e11_1553860194.jpg,Live 20/20 Match Screenings,2019-03-29,2019-05-23
335248,18694731,DND - Daily Nutritional Diet,https://b.zmtcdn.com/data/zomato_events/photos/dca/ea2c012dfb0bdd868fe3b7c2a19f6dca_1554359769.jpg,Navratri Special Menu,2019-04-04,2019-04-14
225765,121425,Super Donuts,https://b.zmtcdn.com/data/zomato_events/photos/064/720c29fe8f576ddd228a383e54ab9064_1528621104.jpg,Dessert Time!!,2018-06-10,2019-06-10
326572,18609823,Falcon Cafe Lounge,https://b.zmtcdn.com/data/zomato_events/photos/a35/68409ad958710695a7ba8494cc53aa35_1552634672.jpg,Rotisserie special roast chicken ,2019-03-15,2019-06-01
337488,130309,Purple Martini,https://b.zmtcdn.com/data/zomato_events/photos/398/e170471e1cbc94495cee183046834398_1554836969.png,Friday Artisans Bazaar with Live Music On SITAR at Purple Martini at Sunset Point,2019-04-12,2019-04-12
337489,130309,Purple Martini,https://b.zmtcdn.com/data/zomato_events/photos/8ff/56f534139c43ade31c6bfbaf909948ff_1554837070.png,SAX Sunsets with Saxophonist David Goren DJ Set By Tashi - I at Purple Martini at Sunset Point,2019-04-13,2019-04-13
337490,130309,Purple Martini,https://b.zmtcdn.com/data/zomato_events/photos/60a/07e8be093e43e8e7558c8c054072c60a_1554837191.png,Shanti Sundays with Saxophonist ARTEMIY at Purple Martini at Sunset Point,2019-04-14,2019-04-14
334112,130535,The Fisherman's Wharf,https://b.zmtcdn.com/data/zomato_events/photos/1cf/b5002822975b944a10dedeb0f3b5f1cf_1554178872.jpg,Mango Mania,2019-04-02,2019-04-30
334112,18685303,The Fisherman's Wharf,https://b.zmtcdn.com/data/zomato_events/photos/1cf/b5002822975b944a10dedeb0f3b5f1cf_1554178872.jpg,Mango Mania,2019-04-02,2019-04-30
334112,16541849,The Fisherman's Wharf,https://b.zmtcdn.com/data/zomato_events/photos/1cf/b5002822975b944a10dedeb0f3b5f1cf_1554178872.jpg,Mango Mania,2019-04-02,2019-04-30
332770,18848790,The Brew Estate,https://b.zmtcdn.com/data/zomato_events/photos/aba/6cac3e7cc218f74f0e851fea4f345aba_1553859765.jpg,IPL Live Streaming,2019-03-29,2019-05-12
330084,3301462,Three Beans,No Photo,IPL Live Screening,2019-03-24,2019-05-19
336304,3301462,Three Beans,No Photo,GOT FINAL SEASON S08E01,2019-04-15,2019-04-15
329596,18623894,Bouffage Cafe & Bistro,No Photo,Sports Unlimited,2019-03-23,2019-07-31
336612,18748677,The Civil Kitchen,No Photo,BUY 1 GET 1,2019-04-08,2019-04-30
336615,18748677,The Civil Kitchen,No Photo,Kitty Party ,2019-04-08,2019-06-30
336285,18795312,Juhi's Kitchen,No Photo,SPECIAL VEGETARIAN DISHES,2019-04-06,2019-04-17
332137,18966639,Fakira,No Photo,Cricket Fever,2019-03-28,2019-05-30
332135,3400326,Tea'se Me - Rooftop Tea Boutique,No Photo,Cricket Fever,2019-03-28,2019-05-30
308544,201693,Dhaba Lane,No Photo,Business Lunch,2019-01-29,2019-04-29
301593,203518,The Huddle Sports Bar and Grill - Citymax Hotels Bur Dubai,https://b.zmtcdn.com/data/zomato_events/photos/2bb/bb1286199eb8c8f77ebf7455a374f2bb_1547986496.jpg,The Huddle Grub Lunch,2019-01-20,2019-05-31
301586,203518,The Huddle Sports Bar and Grill - Citymax Hotels Bur Dubai,https://b.zmtcdn.com/data/zomato_events/photos/9ea/989a476f830eda3ccb3ef261dd72b9ea_1547985842.jpg,Buy 2 Get 1 Free,2019-01-20,2019-05-31
301585,203518,The Huddle Sports Bar and Grill - Citymax Hotels Bur Dubai,https://b.zmtcdn.com/data/zomato_events/photos/3a0/8b9bf892e2ef79f49accd6de9971d3a0_1547985669.jpg,The Happiest Hour,2019-01-21,2019-05-31
301591,203518,The Huddle Sports Bar and Grill - Citymax Hotels Bur Dubai,https://b.zmtcdn.com/data/zomato_events/photos/736/203493c7e850568fee40c1c067a3e736_1547986136.jpg,Meat Me on Monday,2019-01-21,2019-05-31
301888,203518,The Huddle Sports Bar and Grill - Citymax Hotels Bur Dubai,https://b.zmtcdn.com/data/zomato_events/photos/a5e/fd4db2fe7a25d77a7ed9aa887d5bca5e_1548056317.jpg,Late 8,2019-01-21,2019-05-31
301592,203518,The Huddle Sports Bar and Grill - Citymax Hotels Bur Dubai,https://b.zmtcdn.com/data/zomato_events/photos/52c/4cd50e340e5b3c55ca7eb308c6cc752c_1547986414.jpg,Taco Tuesdays,2019-01-22,2019-05-31
301588,203518,The Huddle Sports Bar and Grill - Citymax Hotels Bur Dubai,https://b.zmtcdn.com/data/zomato_events/photos/693/937fd356d2ca17bd783af9e8c08e5693_1547985954.jpg,Huddlelicious Tuesdays,2019-01-22,2019-05-31
301590,203518,The Huddle Sports Bar and Grill - Citymax Hotels Bur Dubai,https://b.zmtcdn.com/data/zomato_events/photos/a21/3c034906d352f6c84607e51c0407ea21_1547986041.jpg,Knock-Out Thursdays,2019-01-24,2019-05-31
316246,203518,The Huddle Sports Bar and Grill - Citymax Hotels Bur Dubai,https://b.zmtcdn.com/data/zomato_events/photos/3f4/55cbf6d07983e2e71099368ff6b8b3f4_1550642061.jpg,The Huddle Bollywood Night,2019-04-26,2019-04-27
316249,203518,The Huddle Sports Bar and Grill - Citymax Hotels Bur Dubai,https://b.zmtcdn.com/data/zomato_events/photos/3f4/55cbf6d07983e2e71099368ff6b8b3f4_1550642162.jpg,The Huddle Bollywood Night,2019-04-26,2019-04-27
337390,18650045,Tamarind Terrace,https://b.zmtcdn.com/data/zomato_events/photos/59a/3b4b84d7f4a09ec3d2819a9d418d359a_1554819420.jpg,Vishu Sadhya,2019-04-15,2019-04-15
335476,209654,Rasoi Ghar,https://b.zmtcdn.com/data/zomato_events/photos/dc5/ddca56001ba4f053eb04378a0b203dc5_1554383144.png,4th Anniversary Celebration!,2019-04-29,2019-05-01
334878,5604236,Malabar Regency,No Photo,Traditional Kerala Style Vishu Sadya,2019-04-15,2019-04-15
308361,18212135,Denny's,https://b.zmtcdn.com/data/zomato_events/photos/7a5/3e7640580c2a0ab05313c29ff28ba7a5_1549347517.jpg,Introducing the Ultimate Shakshouka & The Denny's Bennies,2019-02-05,2019-04-30
241424,5702990,Jazz@PizzaExpress,https://b.zmtcdn.com/data/zomato_events/photos/362/c7569ed593b7d9c87447177d3146b362_1543470109.jpg,2 for 1 Monday’s,2018-08-02,2019-08-12
308928,5702990,Jazz@PizzaExpress,https://b.zmtcdn.com/data/zomato_events/photos/ad5/41d00ff0bf1a6d2c8895f9fd01c22ad5_1549380125.jpg,2 for 1 Brunch - Every Friday,2019-02-05,2019-12-31
335542,5702486,Ghee Rice,No Photo,Vishu Celebration at Ghee Rice,2019-04-14,2019-04-14
252193,18506282,Sibyullee,https://b.zmtcdn.com/data/zomato_events/photos/5c3/96df23d96ea3bf0ddfc7a735bca8e5c3_1548077681.jpg,Unlimited Korean BBQ,2018-09-07,2019-07-31
322902,7003663,Federal Delicatessen,https://b.zmtcdn.com/data/zomato_events/photos/f95/ba06cea0f402142945abc867af12af95_1551919715.jpg,Happier Hour,2019-03-01,2019-04-30
305850,7001670,"Eight - Cordis, Auckland Hotel",https://b.zmtcdn.com/data/zomato_events/photos/c32/6f3e2292cfd37f13698e650113679c32_1548898348.jpg,Smoky Thursdays,2019-03-01,2019-04-30
298162,7001670,"Eight - Cordis, Auckland Hotel",https://b.zmtcdn.com/data/zomato_events/photos/7c7/1e86b395be621acc7140265f19c477c7_1547170215.jpg,Chocolate Tuesdays,2019-04-05,2019-08-21
329300,18981544,Katsu YA,https://b.zmtcdn.com/data/zomato_events/photos/5e5/008e267a3ec8e2ce5a4089f384a275e5_1553233266.jpg,Review us on Zomato,2019-03-22,2019-04-30
329301,18981544,Katsu YA,https://b.zmtcdn.com/data/zomato_events/photos/a9d/cda8bfa14954779305af25631f15da9d_1553233453.jpg,Opening Promo,2019-03-22,2019-04-30
335217,18680113,The Cutt Grill House,https://b.zmtcdn.com/data/zomato_events/photos/9f6/28778b1cc5af30accd9cda640f5bd9f6_1554356002.jpg,Knowledge is power,2019-04-04,2019-06-01
